"","fixed.acidity","volatile.acidity","citric.acid","residual.sugar","chlorides","free.sulfur.dioxide","total.sulfur.dioxide","density","pH","sulphates","alcohol","quality","predtest"
"3",8.1,0.28,0.4,6.9,0.05,30,97,0.9951,3.26,0.44,10.1,6,5.8491732692559
"7",6.2,0.32,0.16,7,0.045,30,136,0.9949,3.18,0.47,9.6,6,5.444462830882
"9",6.3,0.3,0.34,1.6,0.049,14,132,0.994,3.3,0.49,9.5,6,5.18488779041791
"23",6.8,0.26,0.42,1.7,0.049,41,122,0.993,3.47,0.48,10.5,8,5.94890287019317
"31",8.5,0.24,0.39,10.4,0.044,20,142,0.9974,3.2,0.53,10,6,5.87758933504894
"37",6.5,0.39,0.23,5.4,0.051,25,149,0.9934,3.24,0.35,10,5,5.46083200347624
"38",7,0.33,0.32,1.2,0.053,38,138,0.9906,3.13,0.28,11.2,6,5.83745456923129
"43",7,0.31,0.26,7.4,0.069,28,160,0.9954,3.13,0.46,9.8,6,5.38026176498481
"45",6.7,0.23,0.26,1.4,0.06,33,154,0.9934,3.24,0.56,9.5,6,5.51017214211933
"52",6.6,0.25,0.29,1.1,0.068,39,124,0.9914,3.34,0.58,11,7,6.09786963004111
"53",6.2,0.16,0.33,1.1,0.057,21,82,0.991,3.32,0.46,10.9,7,6.12841148434254
"56",6.9,0.25,0.35,1.3,0.039,29,191,0.9908,3.13,0.52,11,6,6.13577726803724
"64",6.6,0.38,0.15,4.6,0.044,25,78,0.9931,3.11,0.38,10.2,6,5.41640672002611
"72",6.8,0.3,0.23,4.6,0.061,50.5,238.5,0.9958,3.32,0.6,9.5,5,5.44616521808669
"76",7.4,0.24,0.29,10.1,0.05,21,105,0.9962,3.13,0.35,9.5,5,5.60460644937913
"78",7,0.32,0.34,1.3,0.042,20,69,0.9912,3.31,0.65,12,7,6.25944254095138
"92",6.1,0.27,0.43,7.5,0.049,65,243,0.9957,3.12,0.47,9,5,5.43259078412743
"94",6.9,0.21,0.33,1.8,0.034,48,136,0.9899,3.25,0.41,12.6,7,6.78782963608588
"103",6,0.21,0.24,12.1,0.05,55,164,0.997,3.34,0.39,9.4,5,5.87710571671056
"107",7.1,0.12,0.32,9.6,0.054,64,162,0.9962,3.4,0.41,9.4,5,6.23159429229844
"112",7.2,0.27,0.46,18.75,0.052,45,255,1,3.04,0.52,8.9,5,5.68537754423858
"115",6.7,0.41,0.34,9.2,0.049,29,150,0.9968,3.22,0.51,9.1,5,5.16108920170099
"118",7,0.14,0.4,1.7,0.035,16,85,0.9911,3.19,0.42,11.8,6,6.38032059525056
"126",6.7,0.19,0.36,1.1,0.026,63,143,0.9912,3.27,0.48,11,6,6.44048699329303
"129",6.1,0.3,0.56,2.8,0.044,47,179,0.9924,3.3,0.57,10.9,7,5.98329025862141
"131",5.7,0.26,0.25,10.4,0.02,7,57,0.994,3.39,0.37,10.6,5,6.233166206467
"134",6.6,0.24,0.27,15.8,0.035,46,188,0.9982,3.24,0.51,9.2,5,6.02470678130825
"146",6.3,0.255,0.37,1.1,0.04,37,114,0.9905,3,0.39,10.9,6,5.84158604198723
"153",6.9,0.25,0.3,4.1,0.054,23,116,0.994,2.99,0.38,9.4,6,5.22167453455032
"157",7.4,0.24,0.42,14,0.066,48,198,0.9979,2.89,0.42,8.9,6,5.43810344174304
"165",6.7,0.24,0.35,13.1,0.05,64,205,0.997,3.15,0.5,9.5,5,5.96624301464779
"166",7,0.23,0.36,13,0.051,72,177,0.9972,3.16,0.49,9.8,5,6.05331862697397
"168",6.7,0.46,0.18,2.4,0.034,25,98,0.9896,3.08,0.44,12.6,7,6.12035273017704
"169",7.5,0.29,0.31,8.95,0.055,20,151,0.9968,3.08,0.54,9.3,5,5.34450442167099
"181",6.4,0.33,0.31,5.5,0.048,42,173,0.9951,3.19,0.66,9.3,6,5.42187245389791
"182",7.1,0.34,0.15,1.2,0.053,61,183,0.9936,3.09,0.43,9.2,5,5.18967683513861
"190",6.5,0.28,0.28,8.5,0.047,54,210,0.9962,3.09,0.54,8.9,4,5.4407036285695
"191",6.6,0.28,0.28,8.5,0.052,55,211,0.9962,3.09,0.55,8.9,6,5.4436970653217
"194",6.6,0.15,0.34,5.1,0.055,34,125,0.9942,3.36,0.42,9.6,5,5.89530427733455
"199",7.1,0.32,0.24,13.1,0.05,52,204,0.998,3.1,0.49,8.8,5,5.48334276020148
"204",6.8,0.26,0.34,13.9,0.034,39,134,0.9949,3.33,0.53,12,6,6.90181322625461
"205",5.8,0.28,0.35,2.3,0.053,36,114,0.9924,3.28,0.5,10.2,4,5.66420402278853
"207",7,0.16,0.32,8.3,0.045,38,126,0.9958,3.21,0.34,9.2,5,5.74318189106963
"211",5.6,0.245,0.25,9.7,0.032,12,68,0.994,3.31,0.34,10.5,5,6.03601720946116
"219",5.7,0.28,0.24,17.5,0.044,60,167,0.9989,3.31,0.44,9.4,5,5.89561407824931
"223",6.2,0.25,0.25,1.4,0.03,35,105,0.9912,3.3,0.44,11.1,7,6.1398329321408
"234",7.2,0.23,0.38,14.3,0.058,55,194,0.9979,3.09,0.44,9,6,5.75179210666561
"236",7.2,0.23,0.38,14.3,0.058,55,194,0.9979,3.09,0.44,9,6,5.75179210666561
"240",6.2,0.25,0.21,15.55,0.039,28,159,0.9982,3.48,0.64,9.6,6,6.20180896295071
"242",7.7,0.31,0.26,7.8,0.031,23,90,0.9944,3.13,0.5,10.4,5,5.96344533262313
"243",7.1,0.21,0.37,2.4,0.026,23,100,0.9903,3.15,0.38,11.4,7,6.42492842919743
"247",6.8,0.21,0.27,2.1,0.03,26,139,0.99,3.16,0.61,12.6,7,6.76009683710562
"248",5.8,0.2,0.27,1.4,0.031,12,77,0.9905,3.25,0.36,10.9,7,6.05570611357707
"255",5.8,0.24,0.39,1.5,0.054,37,158,0.9932,3.21,0.52,9.3,6,5.35040424711144
"256",6.7,0.26,0.39,1.1,0.04,45,147,0.9935,3.32,0.58,9.6,8,5.6514349133996
"259",6.4,0.23,0.39,1.8,0.032,23,118,0.9912,3.32,0.5,11.8,6,6.34054951570417
"261",6.9,0.115,0.35,5.4,0.048,36,108,0.9939,3.32,0.42,10.2,6,6.17644017444168
"264",7.2,0.29,0.4,13.6,0.045,66,231,0.9977,3.08,0.59,9.6,6,5.90731984229427
"281",7,0.24,0.36,2.8,0.034,22,112,0.99,3.19,0.38,12.6,8,6.61262016430759
"288",7.2,0.23,0.39,14.2,0.058,49,192,0.9979,2.98,0.48,9,7,5.63413664412823
"296",6.3,0.33,0.27,1.2,0.046,34,175,0.9934,3.37,0.54,9.4,6,5.40969888389064
"309",6.2,0.33,0.27,4.9,0.036,30,134,0.9927,3.2,0.42,10.4,7,5.77046656997433
"314",5.7,0.36,0.21,6.7,0.038,51,166,0.9941,3.29,0.63,10,6,5.81795087194966
"317",6.8,0.25,0.34,4.7,0.031,34,134,0.9927,3.21,0.38,10.6,6,6.05124229307463
"322",6.6,0.24,0.35,7.7,0.031,36,135,0.9938,3.19,0.37,10.5,5,6.08077278764899
"324",6.8,0.28,0.44,9.3,0.031,35,137,0.9946,3.16,0.36,10.4,6,5.9714757725976
"332",6.8,0.24,0.34,4.6,0.032,37,135,0.9927,3.2,0.39,10.6,5,6.06776539439614
"334",6.5,0.28,0.34,9.9,0.038,30,133,0.9954,3.11,0.44,9.8,5,5.70396205090127
"344",5.4,0.31,0.47,3,0.053,46,144,0.9931,3.29,0.76,10,5,5.6880788527135
"345",5.4,0.29,0.47,3,0.052,47,145,0.993,3.29,0.75,10,6,5.74872649366388
"347",5.6,0.34,0.1,1.3,0.031,20,68,0.9906,3.36,0.51,11.2,7,6.01975050876016
"355",5.8,0.4,0.42,4.4,0.047,38.5,245,0.9937,3.25,0.57,9.6,6,5.38921223876062
"370",7.1,0.39,0.35,12.5,0.044,26,72,0.9941,3.17,0.29,11.6,5,6.19964108990607
"383",7.5,0.35,0.28,9.6,0.051,26,157,0.9969,3.12,0.53,9.2,6,5.33470003267668
"390",7,0.3,0.38,14.9,0.032,60,181,0.9983,3.18,0.61,9.3,7,5.95867827424043
"391",7,0.3,0.38,14.9,0.032,60,181,0.9983,3.18,0.61,9.3,7,5.95867827424043
"392",6.5,0.36,0.32,1.1,0.031,13,66,0.9916,3.1,0.46,10.6,5,5.49357692827887
"394",7.3,0.24,0.43,2,0.021,20,69,0.99,3.08,0.56,12.2,6,6.5832368113565
"397",8.2,0.28,0.42,1.8,0.031,30,93,0.9917,3.09,0.39,11.4,5,6.09239498894025
"399",5.9,0.26,0.27,18.2,0.048,52,168,0.9993,3.35,0.44,9.4,5,5.94014145549329
"402",6.8,0.37,0.51,11.8,0.044,62,163,0.9976,3.19,0.44,8.8,5,5.38906704224252
"405",6.8,0.22,0.31,6.3,0.035,33,170,0.9918,3.24,0.66,12.6,6,6.92255045916392
"407",5.8,0.28,0.34,4,0.031,40,99,0.9896,3.39,0.39,12.8,7,6.85609451168509
"413",7.2,0.19,0.39,1.2,0.036,32,85,0.9918,3.16,0.5,10.5,5,6.04603912799097
"418",6.8,0.26,0.22,7.7,0.047,57,210,0.9959,3.1,0.47,9,5,5.50055487866755
"420",7.4,0.31,0.28,1.6,0.05,33,137,0.9929,3.31,0.56,10.5,6,5.82306510367849
"428",6.8,0.29,0.5,13.3,0.053,48,194,0.9974,3.09,0.45,9.4,5,5.62016919269122
"429",7.8,0.21,0.27,1.2,0.051,20,89,0.9936,3.06,0.46,9.1,5,5.32565491530413
"433",7.4,0.155,0.34,2.3,0.045,73.5,214,0.9934,3.18,0.61,9.9,7,6.14715299925894
"441",6.7,0.22,0.37,1.6,0.028,24,102,0.9913,3.29,0.59,11.6,7,6.39558302561343
"449",6.5,0.41,0.24,14,0.048,24,113,0.9982,3.44,0.53,9.8,6,5.6224473848587
"452",6.1,0.2,0.25,1.2,0.038,34,128,0.9921,3.24,0.44,10.1,5,5.80227219266202
"455",6.4,0.28,0.29,1.6,0.052,34,127,0.9929,3.48,0.56,10.5,7,5.88717172521626
"456",6.4,0.41,0.24,14,0.048,24,113,0.9982,3.44,0.53,9.8,6,5.6069760668349
"458",7.1,0.21,0.27,8.6,0.056,26,111,0.9956,2.95,0.52,9.5,5,5.5279987807478
"461",7.1,0.21,0.27,8.6,0.056,26,111,0.9956,2.95,0.52,9.5,5,5.5279987807478
"462",7,0.25,0.29,15.2,0.047,40,171,0.9982,3.22,0.45,9.3,5,5.87271182281719
"463",5.9,0.25,0.19,12.4,0.047,50,162,0.9973,3.35,0.38,9.5,5,5.76668981116544
"483",5.8,0.25,0.24,13.3,0.044,41,137,0.9972,3.34,0.42,9.5,5,5.83448802074199
"484",6.7,0.47,0.34,8.9,0.043,31,172,0.9964,3.22,0.6,9.2,5,5.21004323387508
"490",7.4,0.26,0.31,7.6,0.047,52,177,0.9962,3.13,0.45,8.9,6,5.49251703309691
"491",7,0.28,0.36,1,0.035,8,70,0.9899,3.09,0.46,12.1,6,6.19331338321174
"494",6.3,0.19,0.28,1.8,0.022,28,158,0.9907,3.2,0.64,11.4,6,6.50932930113438
"512",7.8,0.34,0.35,1.8,0.042,8,167,0.9908,3.11,0.41,12.1,6,6.08645025912896
"519",5.9,0.13,0.28,1.9,0.05,20,78,0.9918,3.43,0.64,10.8,6,6.32062837463832
"523",6.9,0.25,0.4,1.3,0.038,22,101,0.9901,3.03,0.39,11.4,6,6.07441432632962
"530",5.6,0.19,0.47,4.5,0.03,19,112,0.9922,3.56,0.45,11.2,6,6.4624013936662
"538",7.4,0.25,0.36,13.2,0.067,53,178,0.9976,3.01,0.48,9,6,5.59018949865806
"544",6.7,0.24,0.41,8.7,0.036,29,148,0.9952,3.22,0.62,9.9,6,5.99576798574146
"545",6.8,0.28,0.17,13.9,0.047,49,162,0.9983,3.21,0.51,9,6,5.67902953860748
"546",6.4,0.16,0.22,1.4,0.04,41,149,0.9933,3.49,0.58,10,6,6.08682283661293
"547",6.3,0.26,0.24,7.2,0.039,38,172,0.9958,3.49,0.64,9.7,6,5.94237101358511
"554",7,0.3,0.51,13.6,0.05,40,168,0.9976,3.07,0.52,9.6,7,5.65048897506031
"563",7.7,0.34,0.27,8.8,0.063,39,184,0.9969,3.09,0.63,9.2,6,5.36076417875521
"569",6.1,0.26,0.51,2.2,0.05,61,154,0.9929,3.08,0.6,9.8,6,5.59157180343279
"582",5.7,0.18,0.22,4.2,0.042,25,111,0.994,3.35,0.39,9.4,5,5.61809505603178
"584",7.4,0.24,0.22,10.7,0.042,26,81,0.9954,2.86,0.36,9.7,6,5.63335533580837
"590",7,0.23,0.33,5.8,0.04,25,136,0.995,3.19,0.58,9.5,6,5.68247389623438
"593",6.9,0.41,0.33,10.1,0.043,28,152,0.9968,3.2,0.52,9.4,5,5.3303859109244
"630",5.8,0.31,0.33,1.2,0.036,23,99,0.9916,3.18,0.6,10.5,6,5.68645182937598
"631",7,0.23,0.42,18.05,0.05,35,144,0.9999,3.22,0.42,8.8,5,5.71613237232986
"635",6.1,0.17,0.28,4.5,0.033,46,150,0.9933,3.43,0.49,10.9,6,6.36263906580825
"640",5.8,0.335,0.14,5.8,0.046,49,197,0.9937,3.3,0.71,10.3,5,5.94899761710166
"644",6.4,0.24,0.28,11.5,0.05,34,163,0.9969,3.31,0.45,9.5,5,5.77370318224688
"646",6.3,0.26,0.25,7.8,0.058,44,166,0.9961,3.24,0.41,9,5,5.36589801734527
"667",6.8,0.22,0.37,1.7,0.036,38,195,0.9908,3.35,0.72,12.5,6,6.84181608670409
"680",5.7,0.32,0.38,4.75,0.033,23,94,0.991,3.42,0.42,11.8,7,6.39253927797287
"687",6.8,0.22,0.35,5.5,0.043,21,114,0.9938,3.3,0.53,10.7,7,6.06828858105956
"692",6.1,0.36,0.16,6.4,0.037,36,198,0.9944,3.17,0.62,9.9,6,5.60861074028835
"697",6.7,0.19,0.34,1,0.022,22,94,0.9912,3.23,0.57,11.1,6,6.29390247520867
"708",7.2,0.18,0.45,4.4,0.046,57,166,0.9943,3.13,0.62,11.2,6,6.13629175529395
"712",8.2,0.27,0.43,1.6,0.035,31,128,0.9916,3.1,0.5,12.3,6,6.3220861894645
"713",8.2,0.27,0.43,1.6,0.035,31,128,0.9916,3.1,0.5,12.3,6,6.3220861894645
"717",7.7,0.42,0.31,9.2,0.048,22,221,0.9969,3.06,0.61,9.2,6,5.20105152003847
"718",7,0.27,0.41,18.75,0.042,34,157,1.0002,2.96,0.5,9.1,5,5.52628042022477
"719",6.2,0.21,0.27,1.7,0.038,41,150,0.9933,3.49,0.71,10.5,7,6.15321537889347
"722",6,0.3,0.44,1.5,0.046,15,182,0.99455,3.5,0.52,10.4,5,5.40220351758088
"727",6.4,0.24,0.31,2.8,0.038,41,114,0.99155,3.37,0.66,11.7,7,6.5504197433645
"729",6.4,0.16,0.31,5.3,0.043,42,157,0.99455,3.35,0.47,10.5,5,6.05645951684286
"734",6.6,0.25,0.3,14.4,0.052,40,183,0.998,3.02,0.5,9.1,6,5.56182498964546
"737",6.6,0.25,0.3,14.4,0.052,40,183,0.998,3.02,0.5,9.1,6,5.56182498964546
"744",5.9,0.26,0.25,12.5,0.034,38,152,0.9977,3.33,0.43,9.4,5,5.68666286711065
"745",7.4,0.38,0.27,7.5,0.041,24,160,0.99535,3.17,0.43,10,5,5.48574718255675
"749",6.9,0.18,0.38,8.1,0.049,44,176,0.9958,3.3,0.54,9.8,6,6.00272431580759
"750",7.3,0.3,0.42,7.35,0.025,51,175,0.9928,3.04,0.32,11.4,6,6.26872395280774
"763",6.8,0.24,0.49,19.3,0.057,55,247,1.00055,3,0.56,8.7,5,5.60816133594716
"766",7.2,0.27,0.42,1.6,0.05,35,135,0.992,2.94,0.46,11,6,5.67077230962749
"769",6.7,0.11,0.34,8.8,0.043,41,113,0.9962,3.42,0.4,9.3,7,6.05023478309612
"777",8.3,0.14,0.45,1.5,0.039,18,98,0.99215,3.02,0.56,11,6,6.17683360871735
"778",7.2,0.23,0.19,13.7,0.052,47,197,0.99865,3.12,0.53,9,5,5.65863449590568
"788",7.7,0.34,0.28,11,0.04,31,117,0.99815,3.27,0.29,9.2,6,5.32700721042884
"791",7.7,0.34,0.28,11,0.04,31,117,0.99815,3.27,0.29,9.2,6,5.32700721042884
"796",7.2,0.31,0.26,7.3,0.05,37,157,0.99625,3.09,0.43,9,5,5.20246087591991
"797",7.8,0.42,0.23,8.8,0.054,42,215,0.9971,3.02,0.58,9.2,6,5.14500195231307
"800",6,0.18,0.31,1.4,0.036,14,75,0.99085,3.34,0.58,11.1,8,6.31548092798352
"807",6.4,0.31,0.26,13.2,0.046,57,205,0.9975,3.17,0.41,9.6,5,5.66298692952299
"813",6.4,0.35,0.28,1.1,0.055,9,160,0.99405,3.42,0.5,9.1,7,5.07618926996602
"817",8.4,0.18,0.42,5.1,0.036,7,77,0.9939,3.16,0.52,11.7,5,6.29266519137386
"830",7.1,0.16,0.36,1.2,0.043,21,90,0.9925,3.16,0.42,11,7,5.89686691313673
"833",7.3,0.3,0.34,2.7,0.044,34,108,0.99105,3.36,0.53,12.8,8,6.64420189660937
"839",7.3,0.25,0.36,2.1,0.034,30,177,0.99085,3.25,0.4,11.9,8,6.44763906547321
"843",8.7,0.23,0.32,13.4,0.044,35,169,0.99975,3.12,0.47,8.8,7,5.55900780094763
"846",7.3,0.21,0.29,1.6,0.034,29,118,0.9917,3.3,0.5,11,8,6.29924418183289
"847",6.6,0.22,0.37,15.4,0.035,62,153,0.99845,3.02,0.4,9.3,5,5.75445744467481
"870",7.3,0.24,0.29,1.2,0.037,37,97,0.9926,3.19,0.7,10.1,6,5.9560279272772
"873",6.3,0.26,0.21,4,0.03,24,125,0.9915,3.06,0.34,10.7,6,5.91458550440756
"875",7.7,0.15,0.29,1.3,0.029,10,64,0.9932,3.35,0.39,10.1,5,5.94515261687487
"882",8.8,0.36,0.44,1.9,0.04,9,121,0.9953,3.19,0.48,9.9,6,5.19340666380398
"883",7.4,0.26,0.43,6,0.022,22,125,0.9928,3.13,0.55,11.5,6,6.3752372164301
"888",6.5,0.3,0.32,2,0.044,34,90,0.99185,3.37,0.68,11,7,6.16498836954766
"889",7.3,0.26,0.31,1.6,0.04,39,173,0.9918,3.19,0.51,11.4,6,6.16689384133648
"890",6.5,0.3,0.32,2,0.044,34,90,0.99185,3.37,0.68,11,7,6.16498836954766
"900",6.8,0.18,0.28,8.5,0.047,52,242,0.9952,3.22,0.53,10.5,6,6.2189387399114
"904",5.9,0.31,0.3,7.7,0.047,60,206,0.995,3.2,0.39,9.6,6,5.56223708383123
"910",7.5,0.24,0.31,13,0.049,46,217,0.9985,3.08,0.53,8.8,5,5.58892689694627
"912",6.2,0.33,0.19,5.6,0.042,22,143,0.99425,3.15,0.63,9.9,5,5.52035772140705
"915",8,0.32,0.26,1.2,0.05,11.5,88,0.9946,3.24,0.37,9.5,4,5.09330017034561
"924",6.5,0.26,0.27,12.9,0.044,69,215,0.9967,3.17,0.43,10,6,6.0332643504385
"928",6.7,0.25,0.33,2.9,0.057,52,173,0.9934,3.02,0.48,9.5,7,5.43399341258257
"933",6.5,0.26,0.28,12.5,0.046,80,225,0.99685,3.18,0.41,10,6,6.0060379299589
"936",6.1,0.27,0.44,6.7,0.041,61,230,0.99505,3.12,0.4,8.9,5,5.43183426661782
"940",7.7,0.24,0.29,15.3,0.044,39,194,0.9982,3.06,0.47,9.6,7,5.92541146619234
"941",6.2,0.34,0.28,7.5,0.034,40,197,0.99485,3.14,0.6,9.7,5,5.63402660537728
"943",5.4,0.415,0.19,1.6,0.039,27,88,0.99265,3.54,0.41,10,7,5.4201906764572
"946",6.7,0.15,0.29,5,0.058,28,105,0.9946,3.52,0.44,10.2,7,6.04157255819228
"948",8.5,0.16,0.35,1.6,0.039,24,147,0.9935,2.96,0.36,10,5,5.63484325251932
"950",7.3,0.25,0.39,6.4,0.034,8,84,0.9942,3.18,0.46,11.5,5,6.0151013246114
"964",6.1,0.19,0.25,4,0.023,23,112,0.9923,3.37,0.51,11.6,6,6.45226330732674
"968",6.8,0.22,0.35,17.5,0.039,38,153,0.9994,3.24,0.42,9,6,5.86851837349487
"973",6.8,0.22,0.35,17.5,0.039,38,153,0.9994,3.24,0.42,9,6,5.86851837349487
"976",7.6,0.3,0.25,4.3,0.054,22,111,0.9956,3.12,0.49,9.2,5,5.12958804422033
"983",5.1,0.39,0.21,1.7,0.027,15,72,0.9894,3.5,0.45,12.5,6,6.37264138635586
"989",6.9,0.19,0.33,1.6,0.043,63,149,0.9925,3.44,0.52,10.8,5,6.36747739006451
"991",8.6,0.16,0.38,3.4,0.04,41,143,0.9932,2.95,0.39,10.2,6,5.97752935899582
"994",7,0.24,0.18,1.3,0.046,9,62,0.994,3.38,0.47,10.1,4,5.51662530517617
"1001",8,0.19,0.36,1.8,0.05,16,84,0.9936,3.15,0.45,9.8,7,5.61247696229476
"1002",6.4,0.28,0.41,6.8,0.045,61,216,0.9952,3.09,0.46,9.4,5,5.50171482207072
"1005",5.8,0.36,0.26,3.3,0.038,40,153,0.9911,3.34,0.55,11.3,6,6.19491255735052
"1011",7.6,0.16,0.44,1.4,0.043,25,109,0.9932,3.11,0.75,10.3,6,5.96537235305517
"1022",8.6,0.2,0.42,1.5,0.041,35,125,0.9925,3.11,0.49,11.4,7,6.21176809517241
"1033",7.1,0.3,0.36,6.8,0.055,44.5,234,0.9972,3.49,0.64,10.2,6,5.72533882299614
"1048",7,0.31,0.52,1.7,0.029,5,61,0.9918,3.07,0.43,10.4,5,5.56920436423778
"1050",6.1,0.37,0.36,4.7,0.035,36,116,0.991,3.31,0.62,12.6,6,6.55150019874492
"1059",7.5,0.21,0.34,1.2,0.06,26,111,0.9931,3.51,0.47,10.7,6,6.03533245216594
"1066",8.3,0.22,0.38,14.8,0.054,32,126,1.0002,3.22,0.5,9.7,5,5.73178240636339
"1070",6.9,0.2,0.36,1.5,0.031,38,147,0.9931,3.35,0.56,11,6,6.14058799413094
"1072",8.3,0.22,0.38,14.8,0.054,32,126,1.0002,3.22,0.5,9.7,5,5.73178240636339
"1077",7.5,0.28,0.33,7.7,0.048,42,180,0.9974,3.37,0.59,10.1,6,5.7132481595354
"1092",7.2,0.21,0.35,14.5,0.048,35,178,0.9982,3.05,0.47,8.9,6,5.67921273045178
"1097",6.5,0.28,0.26,8.8,0.04,44,139,0.9956,3.32,0.37,10.2,6,5.84056509118369
"1099",6.5,0.29,0.25,10.6,0.039,32,120,0.9962,3.31,0.34,10.1,6,5.77718436014033
"1106",5.5,0.32,0.45,4.9,0.028,25,191,0.9922,3.51,0.49,11.5,7,6.30810458771287
"1109",6.1,0.29,0.27,1.7,0.024,13,76,0.9893,3.21,0.51,12.6,7,6.51677086234892
"1112",8,0.18,0.37,1.3,0.04,15,96,0.9912,3.06,0.61,12.1,6,6.42462955590071
"1117",5.9,0.415,0.13,1.4,0.04,11,64,0.9922,3.29,0.52,10.5,5,5.38398802814147
"1127",6.5,0.115,0.29,1.95,0.038,73,166,0.989,3.12,0.25,12.9,7,6.99810400232302
"1145",7.2,0.25,0.32,1.5,0.047,27,132,0.9933,3.26,0.44,10.5,5,5.67851022304036
"1150",6.7,0.25,0.23,7.2,0.038,61,220,0.9952,3.14,0.35,9.5,5,5.67755694163115
"1157",7.8,0.3,0.29,16.85,0.054,23,135,0.9998,3.16,0.38,9,6,5.48327586681748
"1162",7.8,0.3,0.29,16.85,0.054,23,135,0.9998,3.16,0.38,9,6,5.48327586681748
"1165",8.2,0.23,0.49,0.9,0.057,15,73,0.9928,3.07,0.38,10.4,6,5.53510881701762
"1166",6,0.24,0.32,6.3,0.03,34,129,0.9946,3.52,0.41,10.4,5,6.04874293613408
"1169",7.2,0.2,0.38,1,0.037,21,74,0.9918,3.21,0.37,11,5,5.98061028507666
"1176",6.4,0.25,0.41,8.6,0.042,57,173,0.9965,3,0.44,9.1,5,5.32562014496095
"1178",6.8,0.25,0.29,2,0.042,19,189,0.9952,3.46,0.54,10.2,6,5.54663146520485
"1183",7.4,0.22,0.33,2,0.045,31,101,0.9931,3.42,0.55,11.4,5,6.23236703947555
"1190",7.6,0.26,0.47,1.6,0.068,5,55,0.9944,3.1,0.45,9.6,5,5.01643622489831
"1195",6.2,0.37,0.22,8.3,0.025,36,216,0.9964,3.33,0.6,9.6,6,5.57209681714408
"1200",7.4,0.25,0.37,6.9,0.02,14,93,0.9939,3,0.48,10.7,7,5.95264473446999
"1201",6.8,0.18,0.37,1.5,0.027,37,93,0.992,3.3,0.45,10.8,6,6.21007168686045
"1204",5,0.33,0.16,1.5,0.049,10,97,0.9917,3.48,0.44,10.7,6,5.63476385095461
"1208",6.4,0.3,0.38,7.8,0.046,35,192,0.9955,3.1,0.37,9,5,5.26349191226973
"1210",8,0.23,0.46,1.5,0.03,30,125,0.9907,3.23,0.47,12.5,6,6.67983010010675
"1221",6.4,0.23,0.33,1.15,0.044,15.5,217.5,0.992,3.33,0.44,11,6,5.93055648667062
"1227",7.2,0.23,0.39,2.3,0.033,29,102,0.9908,3.26,0.54,12.3,7,6.64034412553277
"1233",7.9,0.44,0.37,5.85,0.033,27,93,0.992,3.16,0.54,12.6,7,6.37025326899271
"1238",7.3,0.24,0.39,3.6,0.024,35,116,0.9928,3.17,0.51,10.9,5,6.15306168143261
"1244",7.1,0.44,0.37,2.7,0.041,35,128,0.9896,3.07,0.43,13.5,7,6.36714121301058
"1245",6.4,0.26,0.22,5.1,0.037,23,131,0.9944,3.29,0.32,10.1,5,5.58868397957719
"1247",8,0.2,0.4,5.2,0.055,41,167,0.9953,3.18,0.4,10.6,7,5.80871886565885
"1252",5.7,0.245,0.33,1.1,0.049,28,150,0.9927,3.13,0.42,9.3,5,5.21673856529882
"1259",6.9,0.29,0.16,6.8,0.034,65,212,0.9955,3.08,0.39,9,6,5.47421428578101
"1269",7.6,0.31,0.29,10.5,0.04,21,145,0.9966,3.04,0.35,9.4,5,5.41701208880925
"1280",6.6,0.27,0.3,1.9,0.025,14,153,0.9928,3.29,0.62,10.5,6,5.88780950310077
"1282",7.7,0.27,0.34,1.8,0.028,26,168,0.9911,2.99,0.48,12.1,7,6.2336153021195
"1287",6.6,0.16,0.29,1.8,0.05,40,147,0.9912,3.06,0.44,11.4,7,6.15748410880724
"1289",7.2,0.32,0.33,1.4,0.029,29,109,0.9902,3.15,0.51,12.8,7,6.45574623258829
"1290",6.6,0.16,0.3,1.6,0.034,15,78,0.992,3.38,0.44,11.2,6,6.22572658117613
"1297",7.5,0.38,0.33,5,0.045,30,131,0.9942,3.32,0.44,10.9,6,5.76072553799638
"1300",7.8,0.23,0.28,4.75,0.042,45,166,0.9928,2.96,0.4,11.5,5,6.13503537136958
"1303",7.4,0.19,0.42,6.4,0.067,39,212,0.9958,3.3,0.33,9.6,6,5.62697159902678
"1306",7.9,0.14,0.45,1.8,0.05,17,114,0.9948,3.33,0.49,10.7,7,5.81690298791056
"1307",6.8,0.24,0.4,1.8,0.047,34,105,0.99,3.13,0.49,12.8,8,6.52149546692814
"1321",7.6,0.19,0.42,1.5,0.044,6,114,0.9914,3.04,0.74,12.8,6,6.43836117972748
"1325",6.9,0.16,0.35,1.3,0.043,21,182,0.9927,3.25,0.62,10.8,6,6.06808754507511
"1328",6.8,0.26,0.33,1.5,0.047,44,167,0.9928,3.12,0.44,10.5,6,5.63530929921411
"1329",5.2,0.37,0.33,1.2,0.028,13,81,0.9902,3.37,0.38,11.7,6,5.92464382857199
"1330",8.4,0.19,0.43,2.1,0.052,20,104,0.994,2.85,0.46,9.5,5,5.30546445134708
"1334",7.8,0.21,0.39,1.8,0.034,62,180,0.991,3.09,0.75,12.6,8,6.87672511880023
"1338",6.7,0.18,0.3,6.4,0.048,40,251,0.9956,3.29,0.52,10,5,5.87185576916591
"1348",8.2,0.35,0.4,6.3,0.039,35,162,0.9936,3.15,0.34,11.9,7,6.1176339114281
"1355",7.8,0.13,0.3,1.8,0.04,43,179,0.9955,3.43,0.41,9,5,5.68688393421632
"1359",6.8,0.35,0.32,2.4,0.048,35,103,0.9911,3.28,0.46,12,8,6.17383639043303
"1361",6.2,0.12,0.26,5.7,0.044,56,158,0.9951,3.52,0.37,10.5,6,6.19891103128255
"1366",6.7,0.13,0.28,1.2,0.046,35,140,0.9927,3.33,0.33,10.1,7,5.90268001848279
"1367",7,0.14,0.41,0.9,0.037,22,95,0.9914,3.25,0.43,10.9,6,6.20962996590287
"1376",6.2,0.3,0.32,1.7,0.032,30,130,0.9911,3.28,0.41,11.2,7,6.03100930082095
"1377",6.9,0.27,0.41,1.7,0.047,6,134,0.9929,3.15,0.69,11.4,6,5.78089663798732
"1385",6.8,0.23,0.4,1.6,0.047,5,133,0.993,3.23,0.7,11.4,6,5.89937438906742
"1390",8.1,0.19,0.4,0.9,0.037,73,180,0.9926,3.06,0.34,10,6,5.93253585871811
"1392",6.2,0.16,0.47,1.4,0.029,23,81,0.99,3.26,0.42,12.2,6,6.57192415942343
"1396",6.9,0.19,0.33,1.6,0.039,27,98,0.9898,3.09,0.46,12.3,7,6.53339346476769
"1403",7.4,0.4,0.29,5.4,0.044,31,122,0.994,3.3,0.5,11.1,8,5.83900038984395
"1409",7.3,0.25,0.36,13.1,0.05,35,200,0.9986,3.04,0.46,8.9,7,5.39243886804109
"1412",7,0.2,0.34,5.7,0.035,32,83,0.9928,3.19,0.46,11.5,6,6.37535657429951
"1427",7.2,0.22,0.49,1,0.045,34,140,0.99,3.05,0.34,12.7,6,6.36519726111568
"1429",8.2,0.18,0.49,1.1,0.033,28,81,0.9923,3,0.68,10.4,7,6.06267978477248
"1440",6.1,0.25,0.49,7.6,0.052,67,226,0.9956,3.16,0.47,8.9,5,5.51055120844398
"1449",7.4,0.16,0.49,1.2,0.055,18,150,0.9917,3.23,0.47,11.2,6,6.1615212641833
"1453",7.8,0.43,0.49,13,0.033,37,158,0.9955,3.14,0.35,11.3,6,6.10558711233931
"1457",6.3,0.27,0.49,1.2,0.063,35,92,0.9911,3.38,0.42,12.2,6,6.157193871285
"1463",7.4,0.16,0.49,1.2,0.055,18,150,0.9917,3.23,0.47,11.2,6,6.1615212641833
"1468",7.1,0.25,0.49,3,0.03,30,96,0.9903,3.13,0.39,12.3,7,6.51799218145647
"1469",6.5,0.24,0.24,1.6,0.046,15,60,0.9928,3.19,0.39,9.8,5,5.42287538642651
"1474",7,0.2,0.49,5.9,0.038,39,128,0.9938,3.21,0.48,10.8,6,6.16454994135131
"1475",6.9,0.25,0.24,3.6,0.057,13,85,0.9942,2.99,0.48,9.5,4,5.15926353823189
"1476",7.2,0.08,0.49,1.3,0.05,18,148,0.9945,3.46,0.44,10.2,6,5.87167298159811
"1484",6.9,0.25,0.24,3.6,0.057,13,85,0.9942,2.99,0.48,9.5,4,5.15926353823189
"1487",6.2,0.15,0.49,0.9,0.033,17,51,0.9932,3.3,0.7,9.4,6,5.74027506998503
"1491",5.6,0.185,0.49,1.1,0.03,28,117,0.9918,3.55,0.45,10.3,6,6.13614507838314
"1493",8,0.3,0.49,9.4,0.046,47,188,0.9964,3.14,0.48,10,5,5.79575415313669
"1496",7.6,0.29,0.49,9.6,0.03,45,197,0.9938,3.13,0.38,12.3,7,6.56781534354725
"1499",7.7,0.27,0.49,1.8,0.041,23,86,0.9914,3.16,0.42,12.5,6,6.25033992607966
"1501",7.4,0.19,0.49,9.3,0.03,26,132,0.994,2.99,0.32,11,7,6.20246129807355
"1503",6.6,0.3,0.24,1.2,0.034,17,121,0.9933,3.13,0.36,9.2,5,5.11035371811447
"1511",8,0.18,0.49,1.8,0.061,10,145,0.9942,3.23,0.48,10,5,5.58066502855676
"1515",7.4,0.19,0.49,9.3,0.03,26,132,0.994,2.99,0.32,11,7,6.20246129807355
"1522",6.6,0.3,0.24,1.2,0.034,17,121,0.9933,3.13,0.36,9.2,5,5.11035371811447
"1525",6.6,0.21,0.49,18.15,0.042,41,158,0.9997,3.28,0.39,8.7,6,5.82899610950678
"1529",7.4,0.27,0.49,1.1,0.037,33,156,0.992,3.15,0.54,11.1,6,5.9899581400225
"1533",7.5,0.23,0.49,7.7,0.049,61,209,0.9941,3.14,0.3,11.1,7,6.20751234886669
"1548",6.7,0.3,0.49,4.8,0.034,36,158,0.9945,3.12,0.45,9.9,6,5.46718128225272
"1555",7.9,0.42,0.49,8.2,0.056,32,164,0.9965,3.29,0.6,11.2,7,5.69432662535777
"1557",7.6,0.23,0.49,10,0.036,45,182,0.9967,3.08,0.58,9.6,6,5.86483390357938
"1595",7,0.29,0.49,3.8,0.047,37,136,0.9938,2.95,0.4,9.4,6,5.23094043160469
"1596",6.4,0.27,0.49,7.3,0.046,53,206,0.9956,3.24,0.43,9.2,6,5.54441997953119
"1604",5.6,0.41,0.24,1.9,0.034,10,53,0.98815,3.32,0.5,13.5,7,6.59381704359091
"1606",7.1,0.26,0.49,2.2,0.032,31,113,0.9903,3.37,0.42,12.9,9,6.76813327024104
"1608",5.8,0.19,0.49,4.9,0.04,44,118,0.9935,3.34,0.38,9.5,7,5.8454779166873
"1610",8.1,0.2,0.49,11.8,0.048,46,212,0.9968,3.09,0.46,10,7,6.08620997195422
"1613",7.8,0.26,0.49,3.2,0.027,28,87,0.9919,3.03,0.32,11.3,7,6.04341660256705
"1614",8,0.14,0.49,1.5,0.035,42,120,0.9928,3.26,0.4,10.6,7,6.2085133548473
"1615",8,0.29,0.49,11.7,0.035,40,131,0.9958,3.14,0.34,10.8,5,6.15739217189492
"1617",6.9,0.34,0.49,7.3,0.045,61,206,0.9957,3.09,0.4,9,6,5.30672379798415
"1620",6.2,0.22,0.49,6,0.029,31,128,0.9928,3.41,0.36,11.3,8,6.38690338773581
"1621",7.8,0.26,0.49,3.2,0.027,28,87,0.9919,3.03,0.32,11.3,7,6.04341660256705
"1629",8.2,0.2,0.49,3.5,0.057,14,108,0.9928,3.19,0.35,11.5,6,6.09320806873026
"1635",8.3,0.25,0.49,16.8,0.048,50,228,1.0001,3.03,0.52,9.2,6,5.76178193497219
"1640",7.9,0.22,0.49,3.8,0.042,26,105,0.993,3.1,0.39,10.5,5,5.91997061255351
"1642",6.4,0.22,0.49,7.5,0.054,42,151,0.9948,3.27,0.52,10.1,6,5.92586551377325
"1643",7.3,0.19,0.49,15.55,0.058,50,134,0.9998,3.42,0.36,9.1,7,5.84890562334042
"1649",7.1,0.3,0.49,1.6,0.045,31,100,0.9942,3.4,0.59,10.2,5,5.61545951289222
"1659",6.6,0.31,0.49,7.7,0.05,52,220,0.9964,3.12,0.45,8.8,5,5.20451763719008
"1668",8.8,0.39,0.34,5.9,0.055,33,128,0.9927,2.95,0.51,11.8,6,6.07467734142056
"1693",7,0.24,0.3,4.2,0.04,41,213,0.9927,3.28,0.49,11.8,6,6.3866356511663
"1695",7.7,0.12,0.32,1.4,0.06,47,150,0.9952,3.37,0.42,9.2,6,5.59644929114047
"1696",7.2,0.21,0.33,3,0.036,35,132,0.9928,3.25,0.4,11,6,6.10858906249085
"1702",7.9,0.29,0.36,11.1,0.033,43,208,0.9969,3.14,0.46,10.3,5,5.95255712929771
"1704",6.7,0.33,0.42,6.4,0.058,27,151,0.9954,3.16,0.44,9.6,5,5.22531787651133
"1706",6.6,0.25,0.31,1.5,0.035,32,127,0.9921,3.41,0.47,11.3,6,6.16882385746805
"1710",6.8,0.22,0.3,13.6,0.055,50,180,0.9984,3.44,0.39,9.8,5,5.97141615778676
"1713",7.9,0.18,0.37,3,0.061,25,178,0.995,3.22,0.51,10,6,5.62345944591339
"1717",7,0.21,0.31,6,0.046,29,108,0.9939,3.26,0.5,10.8,6,6.12171587506362
"1718",6.8,0.27,0.32,1.5,0.044,19,142,0.9921,3.1,0.43,9.9,6,5.52954272300768
"1730",7.5,0.22,0.33,6.7,0.036,45,138,0.9939,3.2,0.68,11.4,6,6.52273537473106
"1732",8.7,0.34,0.46,13.8,0.055,68,198,0.9988,3.36,0.37,9.5,6,5.91069391594325
"1735",6.9,0.16,0.3,9.6,0.057,50,185,0.9978,3.39,0.38,9.6,6,5.75599739957655
"1737",6.1,0.22,0.23,3.1,0.052,15,104,0.9948,3.14,0.42,8.7,5,4.97097544321986
"1755",6.4,0.16,0.28,2.2,0.042,33,93,0.9914,3.31,0.43,11.1,6,6.31644188497313
"1761",6.4,0.28,0.19,5.4,0.042,67,181,0.99435,3.31,0.35,10.2,6,5.82805587869258
"1762",8,0.3,0.28,5.7,0.044,31,124,0.9948,3.16,0.51,10.2,6,5.752901796573
"1764",7.3,0.21,0.3,10.9,0.037,18,112,0.997,3.4,0.5,9.6,6,6.01298343286221
"1778",6.5,0.18,0.26,1.4,0.041,40,141,0.9941,3.34,0.72,9.5,6,5.780253375071
"1783",8.5,0.21,0.26,9.25,0.034,73,142,0.9945,3.05,0.37,11.4,6,6.59386582367029
"1790",7.8,0.2,0.24,1.6,0.026,26,189,0.991,3.08,0.74,12.1,7,6.68254938630872
"1793",7.8,0.22,0.36,1.4,0.056,21,153,0.993,3.2,0.53,10.4,6,5.80028893714709
"1795",6.6,0.37,0.24,2,0.064,23,120,0.9946,3.32,0.54,9.4,5,5.02937328119216
"1797",7.1,0.37,0.32,1.4,0.037,27,126,0.9918,3.19,0.62,12,5,6.00826242753977
"1798",6.9,0.25,0.27,9.05,0.039,37,128,0.9936,3.27,0.34,11.3,8,6.40833686873343
"1800",6.4,0.26,0.21,7.1,0.04,35,162,0.9956,3.39,0.58,9.9,6,5.8535053855921
"1801",7.6,0.3,0.22,10.2,0.049,57,191,0.9966,3.08,0.4,9.3,6,5.60379400183083
"1806",7.5,0.33,0.39,12.4,0.065,29,119,0.9974,3.16,0.39,9.4,5,5.43582543008772
"1813",5.6,0.46,0.24,4.8,0.042,24,72,0.9908,3.29,0.37,12.6,6,6.05337999022712
"1817",6.7,0.27,0.3,13.9,0.029,34,131,0.9953,3.36,0.5,12,7,6.80529273386907
"1819",6,0.26,0.29,1,0.032,27,96,0.9896,3.38,0.44,12.3,6,6.54563682993819
"1821",6.8,0.3,0.35,2.8,0.038,10,164,0.9912,3.09,0.53,12,6,6.10715044476645
"1823",8.2,0.42,0.29,4.1,0.03,31,100,0.9911,3,0.32,12.8,7,6.21611738271526
"1838",7.2,0.24,0.29,2.2,0.037,37,102,0.992,3.27,0.64,11,7,6.3088738801889
"1848",7.4,0.44,0.2,11.5,0.049,44,157,0.998,3.27,0.44,9,5,5.26381914068091
"1850",7,0.24,0.25,1.7,0.042,48,189,0.992,3.25,0.42,11.4,6,6.16745187428868
"1862",7.8,0.2,0.28,10.2,0.054,78,186,0.997,3.14,0.46,10,6,6.02364700147981
"1865",7.1,0.25,0.3,2.4,0.042,25,122,0.994,3.43,0.61,10.5,6,5.91832253731812
"1877",8,0.19,0.3,2,0.053,48,140,0.994,3.18,0.49,9.6,6,5.73438682815859
"1881",7.7,0.3,0.42,14.3,0.045,45,213,0.9991,3.18,0.63,9.2,5,5.74231128003811
"1890",7.6,0.15,0.4,1.3,0.036,24,112,0.9932,3.14,0.76,10,5,6.00323929576315
"1891",7.7,0.3,0.42,14.3,0.045,45,213,0.9991,3.18,0.63,9.2,5,5.74231128003811
"1896",7.9,0.26,0.33,10.3,0.039,73,212,0.9969,2.93,0.49,9.5,6,5.74521214099114
"1907",6,0.28,0.35,1.9,0.037,16,120,0.9933,3.16,0.69,10.6,5,5.55536930803231
"1908",7.9,0.37,0.3,2.7,0.029,64,158,0.9916,3.12,0.59,12,7,6.4111302315045
"1909",7.2,0.36,0.36,5.7,0.038,26,98,0.9914,2.93,0.59,12.5,7,6.28436950346993
"1917",6.6,0.25,0.36,8.1,0.045,54,180,0.9958,3.08,0.42,9.2,5,5.49628232518672
"1923",7,0.12,0.19,4.9,0.055,27,127,0.9953,3.29,0.41,9.4,5,5.67074515695709
"1929",7,0.27,0.32,6.8,0.047,47,193,0.9938,3.23,0.39,11.4,6,6.17219693534808
"1936",8.8,0.34,0.33,9.7,0.036,46,172,0.9966,3.08,0.4,10.2,5,5.79319856696231
"1940",6.8,0.31,0.32,7.6,0.052,35,143,0.9959,3.14,0.38,9,5,5.2201804998775
"1944",6.3,0.25,0.44,11.6,0.041,48,195,0.9968,3.18,0.52,9.5,5,5.79131809863691
"1945",6,0.45,0.42,1.1,0.051,61,197,0.9932,3.02,0.4,9,5,4.74315420708497
"1948",5.7,0.45,0.42,1.1,0.051,61,197,0.9932,3.02,0.4,9,5,4.69674025301363
"1951",8,0.25,0.13,17.2,0.036,49,219,0.9996,2.96,0.46,9.7,5,5.87797894403502
"1955",8,0.25,0.13,17.2,0.036,49,219,0.9996,2.96,0.46,9.7,5,5.87797894403502
"1957",7.2,0.15,0.33,1.1,0.027,16,63,0.9937,3.37,0.4,9.9,5,5.78918846669972
"1958",7,0.12,0.32,7.2,0.058,22,89,0.9966,3.29,0.38,9.2,6,5.53675520178725
"1980",7.5,0.38,0.5,12.8,0.042,57,184,0.9984,3.09,0.46,9,6,5.3602136346588
"1982",7.6,0.2,0.3,14.2,0.056,53,212.5,0.999,3.14,0.46,8.9,8,5.72264019844598
"1991",6.4,0.43,0.27,1.1,0.054,5,110,0.9939,3.24,0.52,9.1,4,4.75364494099317
"2006",7,0.28,0.33,14.6,0.043,47,168,0.9994,3.34,0.67,8.8,6,5.78659455725148
"2017",6.3,0.41,0.33,4.7,0.023,28,110,0.991,3.3,0.38,12.5,7,6.33309880165749
"2028",6.9,0.32,0.15,8.1,0.046,51,180,0.9958,3.13,0.45,8.9,5,5.42729708724211
"2030",7.6,0.34,0.39,7.6,0.04,45,215,0.9965,3.11,0.53,9.2,6,5.39767933997186
"2032",7.6,0.29,0.26,6.5,0.042,32,160,0.9944,3.14,0.47,10.7,5,5.90720761131584
"2036",8.8,0.2,0.28,1.1,0.018,18,72,0.9926,2.97,0.35,10.4,5,5.83826188498991
"2038",7.6,0.29,0.26,6.5,0.042,32,160,0.9944,3.14,0.47,10.7,5,5.90720761131584
"2041",6.7,0.3,0.45,10.6,0.032,56,212,0.997,3.22,0.59,9.5,6,5.79753460339147
"2043",5.6,0.13,0.27,4.8,0.028,22,104,0.9948,3.34,0.45,9.2,6,5.66297274379266
"2054",8.6,0.485,0.29,4.1,0.026,19,101,0.9918,3.01,0.38,12.4,5,5.98216844304132
"2055",8.6,0.485,0.29,4.1,0.026,19,101,0.9918,3.01,0.38,12.4,5,5.98216844304132
"2060",5.7,0.46,0.46,1.4,0.04,31,169,0.9932,3.13,0.47,8.8,5,4.74382661767026
"2069",5.7,0.32,0.18,1.4,0.029,26,104,0.9906,3.44,0.37,11,6,6.07832846921277
"2102",6.8,0.28,0.35,2.3,0.042,16,85,0.9906,3.19,0.56,12.4,6,6.37137057478516
"2107",8.5,0.24,0.47,15.2,0.057,40,234,1.0005,3.02,0.66,9,5,5.5675311549915
"2109",7.4,0.18,0.36,13.1,0.056,72,163,1,3.42,0.35,9.1,6,5.73949349960362
"2111",6.5,0.22,0.25,17.1,0.05,44,138,1.0001,3.3,0.37,8.8,5,5.6275743732411
"2114",5.7,0.33,0.15,1.9,0.05,20,93,0.9934,3.38,0.62,9.9,5,5.41999739769325
"2116",6.5,0.22,0.25,17.1,0.05,44,138,1.0001,3.3,0.37,8.8,5,5.6275743732411
"2123",6.9,0.26,0.33,12.6,0.051,59,173,0.998,3.39,0.38,9.9,5,5.90199268827837
"2130",6.8,0.28,0.39,1.4,0.036,15,115,0.9918,3.27,0.72,11.7,5,6.19144073319695
"2137",7.9,0.18,0.36,5.9,0.058,31,132,0.995,3.25,0.52,10.9,6,6.08194494209841
"2139",5.5,0.24,0.32,8.7,0.06,19,102,0.994,3.27,0.31,10.4,5,5.7647221013812
"2141",7.7,0.28,0.35,15.3,0.056,31,117,0.9998,3.27,0.5,9.6,5,5.65976657726649
"2143",7.5,0.26,0.52,13.2,0.047,64,179,0.9982,3.1,0.46,9,5,5.68580998648495
"2146",7.2,0.2,0.31,10,0.054,49,165,0.997,3.4,0.42,9.9,6,5.99093168705335
"2150",6.8,0.24,0.34,5.1,0.038,31,99,0.9921,3.24,0.46,11.8,6,6.41656938714465
"2164",8.5,0.25,0.27,4.7,0.031,31,92,0.9922,3.01,0.33,12,6,6.35031309853861
"2170",7.4,0.19,0.3,12.8,0.053,48.5,229,0.9986,3.14,0.49,9.1,7,5.70566087649688
"2173",6.9,0.32,0.13,7.8,0.042,11,117,0.996,3.23,0.37,9.2,5,5.27303828821975
"2177",6.9,0.32,0.13,7.8,0.042,11,117,0.996,3.23,0.37,9.2,5,5.27303828821975
"2182",7.4,0.29,0.25,3.8,0.044,30,114,0.992,3.11,0.4,11,6,6.00176603191876
"2196",6.8,0.25,0.18,1.4,0.056,13,137,0.9935,3.11,0.42,9.5,5,5.17151709245247
"2203",7.1,0.26,0.19,8.2,0.051,53,187,0.996,3.16,0.52,9.7,5,5.72620336294045
"2205",7.6,0.27,0.33,2,0.059,19,175,0.9944,3.22,0.56,9.9,5,5.42276867739024
"2213",7,0.32,0.35,1.5,0.039,24,125,0.9918,3.17,0.64,12.2,6,6.09868296316836
"2217",7.8,0.3,0.37,1.3,0.051,16,96,0.9941,3.32,0.62,10,5,5.53942838876355
"2220",6.5,0.24,0.36,2.2,0.027,36,134,0.9898,3.28,0.36,12.5,7,6.68019753567061
"2221",7,0.22,0.32,1.6,0.045,40,120,0.9914,2.98,0.44,10.5,6,5.85244495687451
"2234",6.5,0.39,0.35,1.6,0.049,10,164,0.99516,3.35,0.51,9.7,5,4.90689357731341
"2240",6.9,0.44,0.42,8.5,0.048,10,147,0.9974,3.32,0.46,9.5,6,4.99301453987272
"2245",7,0.36,0.14,11.6,0.043,35,228,0.9977,3.13,0.51,8.9,5,5.33635470907046
"2246",7.5,0.31,0.24,7.1,0.031,28,141,0.99397,3.16,0.38,10.6,7,5.95977292852593
"2249",7.4,0.2,0.29,1.7,0.047,16,100,0.99243,3.28,0.45,10.6,6,5.97187163473
"2272",6.7,0.25,0.26,13.5,0.06,50,156,0.99784,3.39,0.46,9.9,6,5.97530484119083
"2274",6.1,0.46,0.32,6.2,0.053,10,94,0.99537,3.35,0.47,10.1,5,5.07988410957754
"2278",7.4,0.14,0.3,1.3,0.033,25,91,0.99268,3.53,0.39,10.6,6,6.31766574751027
"2285",7.4,0.33,0.26,15.6,0.049,67,210,0.99907,3.06,0.68,9.5,5,5.80756114434964
"2292",8.6,0.17,0.28,2.7,0.047,38,150,0.99365,3.1,0.56,10.8,6,6.12503877076488
"2299",6.3,0.41,0.18,3.5,0.027,23,109,0.99018,3.34,0.54,12.8,8,6.53638257748532
"2304",6.9,0.44,0.18,11.8,0.051,26,126,0.9975,3.23,0.48,9.1,5,5.21146101295276
"2308",6.8,0.21,0.55,14.6,0.053,34,159,0.99805,2.93,0.44,9.2,5,5.50942546304292
"2310",8.1,0.28,0.34,1.3,0.035,11,126,0.99232,3.14,0.5,9.8,6,5.72872208766676
"2312",7,0.22,0.26,2.8,0.036,44,132,0.99078,3.34,0.41,12,7,6.69331444502335
"2314",6.8,0.32,0.3,3.3,0.029,15,80,0.99061,3.33,0.63,12.6,7,6.65838329143742
"2326",7,0.35,0.17,1.1,0.049,7,119,0.99297,3.13,0.36,9.7,6,5.08244773384103
"2327",6.9,0.35,0.55,11.95,0.038,22,111,0.99687,3.11,0.29,9.7,5,5.36931379019138
"2329",6.9,0.35,0.55,11.95,0.038,22,111,0.99687,3.11,0.29,9.7,5,5.36931379019138
"2339",7.2,0.34,0.3,8.4,0.051,40,167,0.99756,3.48,0.62,9.7,5,5.63042312926745
"2340",7,0.23,0.26,7.2,0.041,21,90,0.99509,3.22,0.55,9.5,6,5.77122188091406
"2343",7.7,0.4,0.27,4.5,0.034,27,95,0.99175,3.21,0.59,12.3,8,6.38510596865279
"2344",6.7,0.17,0.27,1.4,0.032,39,149,0.99254,3.4,0.52,10.5,5,6.21955910357599
"2346",8.1,0.24,0.26,11,0.043,41,211,0.99676,3.11,0.49,10,6,5.99834777605739
"2351",7.9,0.31,0.22,13.3,0.048,46,212,0.99942,3.47,0.59,10,5,5.97745664931463
"2353",6.1,0.28,0.16,1.3,0.06,36,126,0.99353,3.13,0.46,8.7,6,5.00368445003396
"2356",7.6,0.48,0.33,7,0.024,14,130,0.9918,3.25,0.45,12.5,7,6.39835887253784
"2362",8.2,0.25,0.46,3.75,0.05,14,102,0.99524,3.28,0.58,9.7,5,5.59756696072938
"2364",6.7,0.24,0.26,12.6,0.053,44,182,0.99802,3.42,0.42,9.7,5,5.86782885314549
"2368",7.2,0.3,0.3,8.1,0.05,40,188,0.99652,3.15,0.49,9.1,6,5.38186635394575
"2369",7.4,0.34,0.3,14.9,0.037,70,169,0.99698,3.25,0.37,10.4,6,6.26199858382884
"2391",7,0.28,0.26,1.7,0.042,34,130,0.9925,3.43,0.5,10.7,8,6.05079962358499
"2408",7.6,0.31,0.27,5.8,0.036,23,109,0.99399,3.34,0.54,11,6,6.14154631485457
"2410",7.1,0.21,0.28,2.7,0.034,23,111,0.99405,3.35,0.64,10.2,4,5.94342694019244
"2411",7,0.16,0.26,7.3,0.047,30,220,0.99622,3.38,0.58,10.1,6,6.02586831540597
"2414",7.1,0.21,0.28,2.7,0.034,23,111,0.99405,3.35,0.64,10.2,4,5.94342694019244
"2424",7.2,0.24,0.29,3,0.036,17,117,0.99411,3.36,0.68,10.1,6,5.9046470307492
"2429",7.3,0.22,0.26,1.5,0.04,32,172,0.99194,3.27,0.48,11.2,6,6.21308152634219
"2440",7.3,0.27,0.37,9.7,0.042,36,130,0.9979,3.48,0.75,9.9,6,5.9717204933143
"2446",6.6,0.34,0.34,2.6,0.051,40.5,210,0.99314,3.15,0.61,10,5,5.53982765376671
"2448",6.5,0.27,0.26,8.2,0.042,21,133,0.99612,3.43,0.64,9.8,6,5.83849103706915
"2449",6.6,0.26,0.27,1.5,0.04,19,114,0.99295,3.36,0.62,10.5,6,5.85215465191042
"2453",7.3,0.19,0.27,1.6,0.027,35,136,0.99248,3.38,0.54,11,7,6.36988044084726
"2454",6.3,0.2,0.26,1.6,0.027,36,141,0.99268,3.53,0.56,10.8,6,6.29920775533094
"2456",7.8,0.32,0.33,10.4,0.031,47,194,0.99692,3.07,0.58,9.6,6,5.75053698898655
"2462",8.2,0.26,0.33,2.6,0.053,11,71,0.99402,2.89,0.49,9.5,5,5.19037053144184
"2463",8.3,0.25,0.33,2.5,0.053,12,72,0.99404,2.89,0.48,9.5,5,5.21052034352713
"2472",5.6,0.35,0.4,6.3,0.022,23,174,0.9922,3.54,0.5,11.6,7,6.46184772122338
"2474",6,0.29,0.21,15.55,0.043,20,142,0.99658,3.11,0.54,10.1,6,5.96416211927795
"2481",6.8,0.32,0.3,1,0.049,22,113,0.99289,3.24,0.61,10.2,5,5.52817603664368
"2502",6.4,0.31,0.4,6.4,0.039,39,191,0.99513,3.14,0.52,9.8,5,5.49162292346322
"2503",8.6,0.34,0.36,1.4,0.045,11,119,0.99556,3.17,0.47,9.4,4,4.99990434420697
"2504",8.6,0.34,0.36,1.4,0.045,11,119,0.99556,3.17,0.47,9.4,4,4.99990434420697
"2508",7.1,0.34,0.31,5.2,0.032,36,140,0.99166,3.35,0.47,12.3,7,6.6068385040474
"2511",6.2,0.28,0.45,7.5,0.045,46,203,0.99573,3.26,0.46,9.2,6,5.50456315967737
"2513",5.6,0.175,0.29,0.8,0.043,20,67,0.99112,3.28,0.48,9.9,6,5.85038485667802
"2515",6.9,0.34,0.3,4.7,0.029,34,148,0.99165,3.36,0.49,12.3,7,6.56453846151861
"2516",7.1,0.12,0.3,3.1,0.018,15,37,0.99004,3.02,0.52,11.9,7,6.745441594237
"2524",8.2,0.2,0.38,3.5,0.053,41,174,0.99306,3.22,0.41,11.6,5,6.29720832651269
"2528",7.3,0.16,0.35,1.5,0.036,29,108,0.99342,3.27,0.51,10.2,6,5.92014450926624
"2539",5.9,0.28,0.14,8.6,0.032,30,142,0.99542,3.28,0.44,9.5,6,5.65851816767585
"2545",6.9,0.32,0.3,1.8,0.036,28,117,0.99269,3.24,0.48,11,6,5.76664459331211
"2546",7.2,0.22,0.24,1.4,0.041,17,159,0.99196,3.25,0.53,11.2,6,6.12636247606021
"2553",6.6,0.36,0.52,11.3,0.046,8,110,0.9966,3.07,0.46,9.4,5,5.2314904838184
"2562",6.9,0.28,0.22,10,0.052,36,131,0.99696,3.08,0.46,9.6,5,5.40985830778868
"2565",6.6,0.41,0.16,1.4,0.037,28,160,0.99167,2.95,0.45,10.6,6,5.34500113747196
"2587",6.8,0.18,0.3,12.8,0.062,19,171,0.99808,3,0.52,9,7,5.40528651853073
"2591",6.9,0.13,0.28,13.3,0.05,47,132,0.99655,3.34,0.42,10.1,6,6.44094054761021
"2593",7.3,0.32,0.29,1.5,0.038,32,144,0.99296,3.2,0.55,10.8,5,5.74937877956941
"2594",6.3,0.21,0.29,11.7,0.048,49,147,0.99482,3.22,0.38,10.8,5,6.33545389974106
"2602",6.2,0.26,0.32,15.3,0.031,64,185,0.99835,3.31,0.61,9.4,5,6.11229984116152
"2616",6.5,0.18,0.41,14.2,0.039,47,129,0.99678,3.28,0.72,10.3,7,6.54404951597159
"2617",6.5,0.18,0.41,14.2,0.039,47,129,0.99678,3.28,0.72,10.3,7,6.54404951597159
"2624",6.5,0.18,0.41,14.2,0.039,47,129,0.99678,3.28,0.72,10.3,7,6.54404951597159
"2628",7.8,0.17,0.23,1.7,0.029,39,128,0.99272,3.37,0.41,10.7,7,6.31628339598232
"2637",7.2,0.24,0.27,11.4,0.034,40,174,0.99773,3.2,0.44,9,5,5.65683144307336
"2644",8.1,0.33,0.22,5.2,0.047,24,151,0.99527,3.22,0.47,10.3,5,5.58838242433507
"2654",6.4,0.28,0.27,11,0.042,45,148,0.99786,3.14,0.46,8.7,5,5.28062167423198
"2659",6.5,0.15,0.44,12.6,0.052,65,158,0.99688,3.26,0.7,10.3,7,6.42775114353911
"2661",6.7,0.33,0.34,6.6,0.067,35,156,0.99542,3.11,0.48,9.3,6,5.17458688881839
"2675",7.2,0.35,0.25,5.6,0.032,23,120,0.99334,2.93,0.66,10.3,7,5.70499502536278
"2677",7.6,0.1,0.33,1,0.031,33,93,0.99094,3.06,0.68,11.2,6,6.58837579682624
"2678",6.2,0.25,0.31,3.2,0.03,32,150,0.99014,3.18,0.31,12,6,6.41408689393365
"2681",8,0.17,0.29,2.4,0.029,52,119,0.98944,3.03,0.33,12.9,6,6.98517251201262
"2682",7.2,0.19,0.27,11.2,0.061,46,149,0.99772,2.99,0.59,9.3,6,5.56794775204639
"2683",7.6,0.32,0.25,9.5,0.03,15,136,0.99367,3.1,0.44,12.1,6,6.37175948113373
"2687",8,0.17,0.29,2.4,0.029,52,119,0.98944,3.03,0.33,12.9,6,6.98517251201262
"2691",6.9,0.3,0.25,3.3,0.041,26,124,0.99428,3.18,0.5,9.3,6,5.33752459888147
"2692",6.2,0.28,0.27,10.3,0.03,26,108,0.99388,3.2,0.36,10.7,6,6.15246928883226
"2696",5.7,0.23,0.28,9.65,0.025,26,121,0.9925,3.28,0.38,11.3,6,6.57442253792108
"2717",7.8,0.25,0.34,13.7,0.044,66,184,0.99976,3.22,0.75,8.9,5,5.85603590612478
"2720",7.5,0.18,0.31,6.5,0.029,53,160,0.99276,3.03,0.38,10.9,6,6.42071852960904
"2724",7.5,0.26,0.25,1.7,0.038,29,129,0.99312,3.45,0.56,10.4,6,6.07086816937419
"2725",7.5,0.18,0.31,6.5,0.029,53,160,0.99276,3.03,0.38,10.9,6,6.42071852960904
"2737",6.5,0.17,0.31,1.5,0.041,34,121,0.99092,3.06,0.46,10.5,6,6.04055040103969
"2744",6.7,0.27,0.33,3.6,0.034,9,45,0.99144,3.08,0.4,10.5,6,5.84691377736313
"2745",6.7,0.27,0.33,3.6,0.034,9,45,0.99144,3.08,0.4,10.5,6,5.84691377736313
"2746",6.7,0.44,0.22,4.3,0.032,19,99,0.99015,3.26,0.53,12.8,7,6.48398631564851
"2752",6.8,0.17,0.36,1.4,0.036,38,108,0.99006,3.19,0.66,12,6,6.75270673988405
"2757",8.6,0.33,0.34,11.8,0.059,42,240,0.99882,3.17,0.52,10,6,5.60229745435961
"2760",7.7,0.18,0.35,5.8,0.055,25,144,0.99576,3.24,0.54,10.2,6,5.79919283295909
"2763",7.3,0.32,0.35,1.4,0.05,8,163,0.99244,3.24,0.42,10.7,5,5.60746899160166
"2768",7.9,0.16,0.3,7.4,0.05,58,152,0.99612,3.12,0.37,9.5,6,5.78876348559158
"2779",7.6,0.39,0.32,3.6,0.035,22,93,0.99144,3.08,0.6,12.5,7,6.23984050379442
"2783",7.1,0.2,0.31,6.85,0.053,32,211,0.99587,3.31,0.59,10.4,6,5.9390897542239
"2784",7.1,0.2,0.31,7.4,0.053,32,211,0.99587,3.31,0.59,10.4,6,5.98960655645446
"2792",6.6,0.25,0.51,8,0.047,61,189,0.99604,3.22,0.49,9.2,5,5.64488361713825
"2793",6.8,0.26,0.44,8.2,0.046,52,183,0.99584,3.2,0.51,9.4,5,5.7015905142052
"2796",6.4,0.22,0.32,7.2,0.028,15,83,0.993,3.13,0.55,10.9,8,6.22275628889624
"2799",6.9,0.31,0.32,1.6,0.036,34,114,0.99068,3.19,0.45,11.4,7,6.14845718397623
"2812",7.4,0.3,0.32,1.7,0.03,23,128,0.9929,3.17,0.66,10.9,5,5.88804693711148
"2813",6.7,0.16,0.34,1.6,0.026,27,109,0.9934,3.34,0.58,10.1,6,5.98507143786426
"2815",6.7,0.19,0.39,1,0.032,14,71,0.98912,3.31,0.38,13,7,6.7975362856672
"2817",7.2,0.17,0.41,1.6,0.052,24,126,0.99228,3.19,0.49,10.8,5,5.9975237653727
"2820",6,0.21,0.34,2,0.042,63,123,0.99052,3.44,0.42,11.4,6,6.60069889154602
"2826",6.3,0.25,0.22,3.3,0.048,41,161,0.99256,3.16,0.5,10.5,6,5.85631212400699
"2827",6.5,0.22,0.45,8,0.053,52,196,0.9959,3.23,0.48,9.1,6,5.64058933562212
"2831",6.6,0.22,0.34,11.6,0.05,59,140,0.99526,3.22,0.4,10.8,5,6.31505943336995
"2837",6.5,0.22,0.45,8,0.053,52,196,0.9959,3.23,0.48,9.1,6,5.64058933562212
"2839",6.9,0.15,0.29,2.3,0.033,14,82,0.99132,3.1,0.58,11.2,7,6.30514137052024
"2842",5.5,0.375,0.38,1.7,0.036,17,98,0.99142,3.29,0.39,10.5,6,5.52109446787277
"2846",6.5,0.22,0.29,7.4,0.028,16,87,0.99311,3.15,0.56,10.9,7,6.27075419679482
"2852",7.3,0.23,0.34,9.3,0.052,19,86,0.99574,3.04,0.56,10,5,5.7221746690312
"2860",6.6,0.21,0.36,0.8,0.034,48,113,0.99165,3.24,0.68,10.5,6,6.20091596950194
"2880",5.7,0.37,0.3,1.1,0.029,24,88,0.98883,3.18,0.39,11.7,6,6.11179996748144
"2883",7,0.24,0.3,6.7,0.039,37,125,0.99436,3.2,0.39,9.9,5,5.85253574762797
"2885",7,0.28,0.32,7.75,0.032,30,114,0.99158,3.12,0.64,12.8,7,6.88730724221972
"2889",8.5,0.22,0.34,0.7,0.04,5,25,0.9918,3.04,0.37,10.5,4,5.77794754732203
"2895",6.4,0.125,0.36,1.4,0.044,22,68,0.99014,3.15,0.5,11.7,7,6.44925673411449
"2902",6.5,0.22,0.32,2.2,0.028,36,92,0.99076,3.27,0.59,11.9,7,6.59512640421563
"2907",6.6,0.26,0.46,6.9,0.047,59,183,0.99594,3.2,0.45,9.3,5,5.50125486272253
"2908",5.7,0.21,0.25,1.1,0.035,26,81,0.9902,3.31,0.52,11.4,6,6.33580034761552
"2910",6.2,0.18,0.3,1,0.031,23,73,0.99032,3.23,0.52,11.3,6,6.34858877762113
"2920",6.4,0.16,0.32,8.75,0.038,38,118,0.99449,3.19,0.41,10.7,5,6.20636068150935
"2930",6.6,0.22,0.29,14.4,0.046,39,118,0.99834,3.05,0.5,9.1,6,5.59418948190918
"2934",6.9,0.22,0.31,6.3,0.029,41,131,0.99326,3.08,0.49,10.8,6,6.18895730643957
"2935",5.3,0.21,0.29,0.7,0.028,11,66,0.99215,3.3,0.4,9.8,5,5.51771962325872
"2938",7.7,0.25,0.3,7.8,0.038,67,196,0.99555,3.1,0.5,10.1,5,5.98867185138024
"2940",7,0.12,0.29,10.3,0.039,41,98,0.99564,3.19,0.38,9.8,8,6.16498441385855
"2942",7.2,0.3,0.3,8.7,0.022,14,111,0.99576,3.11,0.61,10.6,5,5.83185691849632
"2953",6.1,0.27,0.25,1.8,0.041,9,109,0.9929,3.08,0.54,9,5,5.19649881656362
"2954",6,0.28,0.25,1.8,0.042,8,108,0.9929,3.08,0.55,9,5,5.15863732952043
"2955",6.4,0.29,0.3,2.9,0.036,25,79,0.99037,3.29,0.6,12.4,7,6.58442621975906
"2961",7.7,0.11,0.34,14.05,0.04,41,114,0.99634,3.07,0.59,11,7,6.7045847712923
"2968",6.6,0.23,0.3,14.9,0.051,33,118,0.99835,3.04,0.54,9,6,5.57108126849288
"2969",8.4,0.31,0.31,0.95,0.021,52,148,0.99038,2.93,0.32,11.5,5,6.2046963792541
"2982",8.5,0.23,0.28,11.1,0.033,30,97,0.99507,3.03,0.39,10.5,7,6.28579819154888
"2992",6.3,0.37,0.28,6.3,0.034,45,152,0.9921,3.29,0.46,11.6,7,6.31358470996386
"2995",6.8,0.18,0.28,9.8,0.039,29,113,0.99406,3.11,0.45,10.9,7,6.3379111170028
"2999",6,0.32,0.3,1.3,0.025,18,112,0.98802,3.07,0.64,13.3,7,6.71886151895307
"3005",6.3,0.18,0.36,1.2,0.034,26,111,0.99074,3.16,0.51,11,6,6.19261090447708
"3014",7,0.13,0.37,12.85,0.042,36,105,0.99581,3.05,0.55,10.7,6,6.41697678161087
"3016",7.2,0.32,0.3,8.25,0.02,14,104,0.99362,2.99,0.44,11.4,6,6.02732185351165
"3019",6.8,0.22,0.31,6.9,0.037,33,121,0.99176,3.02,0.39,11.9,8,6.45373337196119
"3027",8.4,0.22,0.3,8.9,0.024,17,118,0.99456,2.99,0.34,10.5,6,6.09843212093316
"3028",7.4,0.32,0.22,11.7,0.035,44,150,0.99578,3.1,0.45,10.4,5,6.03073000786334
"3037",6.8,0.29,0.34,3.5,0.054,26,189,0.99489,3.42,0.58,10.4,5,5.64846485697127
"3043",6.3,0.33,0.42,17.2,0.037,57,170,0.99884,3.26,0.57,9.4,6,5.92447780803822
"3057",6.9,0.28,0.41,1.4,0.016,6,55,0.98876,3.16,0.4,13.4,5,6.71118778753674
"3059",6.2,0.25,0.38,7.9,0.045,54,208,0.99572,3.17,0.46,9.1,5,5.54090321837166
"3068",7.3,0.28,0.42,1.2,0.033,29,142,0.99205,3.17,0.43,10.7,4,5.84236452306745
"3069",6.1,0.18,0.38,2.3,0.033,28,111,0.98962,3.16,0.49,12.4,6,6.66560130558925
"3071",6.8,0.28,0.43,7.6,0.03,30,110,0.99164,3.08,0.59,12.5,8,6.7156052856738
"3072",6.5,0.36,0.38,10.2,0.028,20,82,0.99274,3.1,0.43,12.1,7,6.35758038881978
"3076",6.4,0.15,0.4,1.5,0.042,23,87,0.98972,3.11,0.46,12.2,7,6.50651648113533
"3082",6.2,0.25,0.54,7,0.046,58,176,0.99454,3.19,0.7,10.4,5,6.04102814303989
"3083",6,0.35,0.51,1.2,0.029,10,102,0.9903,3.46,0.42,11.9,6,6.19178646693798
"3086",8.5,0.23,0.4,9.9,0.036,24,88,0.9951,3.02,0.42,10.5,6,6.12968811380694
"3091",6.6,0.17,0.35,2.6,0.03,33,78,0.99146,3.22,0.72,11.3,6,6.5455700461045
"3093",7.6,0.27,0.52,3.2,0.043,28,152,0.99129,3.02,0.53,11.4,6,6.19698046075349
"3107",7.6,0.27,0.52,3.2,0.043,28,152,0.99129,3.02,0.53,11.4,6,6.19698046075349
"3109",7.6,0.35,0.46,14.7,0.047,33,151,0.99709,3.03,0.53,10.3,5,5.88734254948221
"3110",6.9,0.3,0.36,4.5,0.054,31,203,0.99513,3.4,0.57,10.4,4,5.6899668902805
"3111",6.7,0.24,0.46,2.2,0.033,19,111,0.99045,3.1,0.62,11.9,6,6.39357968215151
"3113",7.6,0.23,0.34,1.6,0.043,24,129,0.99305,3.12,0.7,10.4,5,5.86938483597975
"3115",6.3,0.17,0.32,4.2,0.04,37,117,0.99182,3.24,0.43,11.3,6,6.37863692330891
"3116",6.3,0.17,0.32,4.2,0.04,37,117,0.99182,3.24,0.43,11.3,6,6.37863692330891
"3118",6.5,0.23,0.39,1.9,0.036,41,98,0.99,3.19,0.43,11.9,7,6.47647482999469
"3119",5.9,0.28,0.39,1.4,0.031,47,147,0.98836,3.08,0.64,12.9,7,6.78641138766851
"3122",7.6,0.23,0.34,1.6,0.043,24,129,0.99305,3.12,0.7,10.4,5,5.86938483597975
"3123",5.6,0.18,0.27,1.7,0.03,31,103,0.98892,3.35,0.37,12.9,6,6.8689572317973
"3128",7.6,0.3,0.38,2.1,0.043,10,98,0.99296,3.17,0.65,11,5,5.81841769797087
"3137",5.6,0.19,0.27,0.9,0.04,52,103,0.99026,3.5,0.39,11.2,5,6.4948404530558
"3141",6.6,0.39,0.39,11.9,0.057,51,221,0.99851,3.26,0.51,8.9,6,5.20650902852545
"3145",6.2,0.23,0.36,17.2,0.039,37,130,0.99946,3.23,0.43,8.8,6,5.67400936373651
"3146",6.2,0.23,0.36,17.2,0.039,37,130,0.99946,3.23,0.43,8.8,6,5.67400936373651
"3147",6.2,0.23,0.36,17.2,0.039,37,130,0.99946,3.23,0.43,8.8,6,5.67400936373651
"3156",6.8,0.39,0.34,7.4,0.02,38,133,0.99212,3.18,0.44,12,7,6.40966892729313
"3162",6.1,0.17,0.42,15.1,0.033,28,124,0.99684,2.87,0.47,9.5,5,5.82170161339307
"3164",7.1,0.36,0.37,4.8,0.019,39,114,0.99036,3.08,0.49,12.7,7,6.63775976239375
"3172",7.3,0.2,0.39,2.3,0.048,24,87,0.99044,2.94,0.35,12,6,6.18954252527864
"3173",6.7,0.33,0.36,6.6,0.042,34,116,0.99123,2.97,0.31,12.2,8,6.20204923941177
"3174",6.7,0.33,0.34,7.5,0.036,39,124,0.99123,2.99,0.32,12.4,8,6.39477934425898
"3176",7.8,0.21,0.34,11.9,0.039,55,140,0.9959,3.02,0.31,10.3,6,6.13392565426449
"3178",5.6,0.41,0.22,7.1,0.05,44,154,0.9931,3.3,0.4,10.5,5,5.74961407858802
"3180",8.5,0.2,0.4,1.1,0.046,31,106,0.99194,3,0.35,10.5,4,5.8813721907378
"3186",6.5,0.21,0.4,7.3,0.041,49,115,0.99268,3.21,0.43,11,6,6.4267968376145
"3188",6.7,0.18,0.37,1.3,0.027,42,125,0.98939,3.24,0.37,12.8,7,6.85619391860778
"3191",5.8,0.28,0.3,1.5,0.026,31,114,0.98952,3.32,0.6,12.5,7,6.66868881044352
"3193",8.3,0.16,0.37,7.9,0.025,38,107,0.99306,2.93,0.37,11.9,6,6.6265735170961
"3199",6.4,0.22,0.38,9.1,0.044,35,127,0.99326,2.97,0.3,11,7,6.04969868182328
"3203",5.6,0.42,0.34,2.4,0.022,34,97,0.98915,3.22,0.38,12.8,7,6.32429304617291
"3205",6.8,0.28,0.34,7.5,0.035,34,177,0.99692,3.33,0.43,9.1,5,5.40712576644864
"3212",8.2,0.3,0.44,12.4,0.043,52,154,0.99452,3.04,0.33,12,6,6.55692727378649
"3213",6.4,0.24,0.32,0.95,0.041,23,131,0.99033,3.25,0.35,11.8,5,6.19282578147714
"3218",5.8,0.33,0.23,5,0.053,29,106,0.99458,3.13,0.52,9,5,5.08174163103744
"3225",5.7,0.15,0.28,3.7,0.045,57,151,0.9913,3.22,0.27,11.2,6,6.30581255774717
"3226",6.6,0.33,0.4,2.65,0.041,35,86,0.98916,3.11,0.39,13.3,7,6.55302793336446
"3246",7.6,0.27,0.29,2.5,0.059,37,115,0.99328,3.09,0.37,9.8,5,5.46239855353352
"3248",7.7,0.27,0.49,3.8,0.037,46,139,0.99116,3.04,0.38,11.6,6,6.34078042179807
"3252",6.7,0.24,0.37,11.3,0.043,64,173,0.99632,3.08,0.53,9.9,6,5.95756014259646
"3256",7.4,0.19,0.31,14.5,0.045,39,193,0.9986,3.1,0.5,9.2,6,5.82870605681873
"3260",7.4,0.19,0.31,14.5,0.045,39,193,0.9986,3.1,0.5,9.2,6,5.82870605681873
"3261",7.4,0.19,0.31,14.5,0.045,39,193,0.9986,3.1,0.5,9.2,6,5.82870605681873
"3265",5.9,0.24,0.12,1.4,0.035,60,247,0.99358,3.34,0.44,9.6,6,5.63980916746898
"3273",7.5,0.22,0.32,2.4,0.045,29,100,0.99135,3.08,0.6,11.3,7,6.28271569383121
"3274",6.4,0.23,0.32,1.9,0.038,40,118,0.99074,3.32,0.53,11.8,7,6.50608304276215
"3285",8,0.34,0.25,6.4,0.035,38,103,0.99148,2.91,0.23,12.2,6,6.25814857572529
"3294",6.8,0.17,0.35,1.8,0.04,29,84,0.98961,2.91,0.57,12,7,6.46617219684265
"3303",6.6,0.24,0.28,6.7,0.032,26,91,0.99172,3.13,0.32,12.3,6,6.47457062688218
"3307",6,0.32,0.3,1.9,0.033,41,142,0.98912,3.29,0.42,12.8,7,6.63553335831221
"3314",7.3,0.145,0.33,1.1,0.042,14,64,0.99012,3.1,0.37,11.8,7,6.37327326880042
"3321",7.5,0.29,0.36,15.7,0.05,29,124,0.9968,3.06,0.54,10.4,5,6.15324504166946
"3329",6.4,0.24,0.29,1,0.038,18,122,0.9906,3.3,0.42,11.5,5,6.19557895378154
"3332",6.8,0.23,0.32,8.6,0.046,47,159,0.99452,3.08,0.52,10.5,6,6.06351710993566
"3333",6.5,0.22,0.28,3.7,0.059,29,151,0.99177,3.23,0.41,12.1,7,6.24846726641802
"3335",6.6,0.425,0.25,2.35,0.034,23,87,0.99082,3.05,0.41,11.4,6,5.70766152990708
"3336",6.9,0.38,0.29,13.65,0.048,52,189,0.99784,3,0.6,9.5,6,5.49280267381397
"3338",6.9,0.38,0.29,13.65,0.048,52,189,0.99784,3,0.6,9.5,6,5.49280267381397
"3339",7.2,0.27,0.28,15.2,0.046,6,41,0.99665,3.17,0.39,10.9,6,6.10032717057746
"3341",6.2,0.3,0.31,1.2,0.048,19,125,0.98999,3.32,0.54,12.6,6,6.39181727874624
"3342",7.6,0.17,0.27,4.6,0.05,23,98,0.99422,3.08,0.47,9.5,6,5.67667986861543
"3343",6.5,0.26,0.32,6.65,0.059,34,104,0.99254,3.18,0.42,11.1,5,6.11939902099969
"3345",6.9,0.38,0.29,13.65,0.048,52,189,0.99784,3,0.6,9.5,6,5.49280267381397
"3347",6.7,0.18,0.24,10.3,0.057,64,185,0.99519,3.12,0.5,10.6,6,6.25473060437625
"3349",7.2,0.27,0.28,15.2,0.046,6,41,0.99665,3.17,0.39,10.9,6,6.10032717057746
"3350",6.4,0.17,0.27,9.9,0.047,26,101,0.99596,3.34,0.5,9.9,6,6.02138190536819
"3351",7.2,0.22,0.28,7.2,0.06,41,132,0.9935,3.08,0.59,11.3,6,6.26710054177376
"3352",6,0.22,0.28,1.1,0.034,47,90,0.98862,3.22,0.38,12.6,6,6.734143687773
"3353",6.7,0.36,0.28,8.3,0.034,29,81,0.99151,2.96,0.39,12.5,6,6.34731119711493
"3356",5.3,0.32,0.23,9.65,0.026,26,119,0.99168,3.18,0.53,12.2,6,6.61668459435334
"3357",6.8,0.2,0.28,12.6,0.048,54,136,0.99556,3.19,0.37,10.7,6,6.34768904880347
"3366",7.6,0.2,0.26,4.8,0.033,26,76,0.99076,2.98,0.49,12.3,7,6.6739295237898
"3373",5.6,0.15,0.26,5.55,0.051,51,139,0.99336,3.47,0.5,11,6,6.40401922599611
"3375",5.9,0.19,0.21,1.7,0.045,57,135,0.99341,3.32,0.44,9.5,5,5.66256581858326
"3384",6.4,0.22,0.32,4.9,0.046,50,156,0.99316,3.38,0.55,11.2,6,6.36142125291369
"3392",6.9,0.28,0.3,8.3,0.026,37,113,0.99139,2.99,0.38,12.3,8,6.63596250729523
"3393",6.7,0.38,0.26,9.55,0.036,35,91,0.9919,2.98,0.37,12.4,6,6.36333100800121
"3395",6.5,0.25,0.45,7.8,0.048,52,188,0.99576,3.2,0.53,9.1,5,5.61571540126335
"3397",7.4,0.29,0.28,10.2,0.032,43,138,0.9951,3.1,0.47,10.6,6,6.12267147515355
"3399",6.1,0.33,0.32,7.8,0.052,52,183,0.99657,3.39,0.65,9.5,5,5.56257839370761
"3403",7.7,0.46,0.18,3.3,0.054,18,143,0.99392,3.12,0.51,10.8,6,5.28211139686806
"3404",8.8,0.27,0.25,5,0.024,52,99,0.9925,2.87,0.49,11.4,5,6.34845921557891
"3407",5.6,0.32,0.33,7.4,0.037,25,95,0.99268,3.25,0.49,11.1,6,6.08611646250268
"3412",6,0.14,0.17,5.6,0.036,37,127,0.99373,3.05,0.57,9.8,6,5.89888299956625
"3422",6.3,0.29,0.28,4.7,0.059,28,81,0.99036,3.24,0.56,12.7,8,6.60474704908908
"3423",6.2,0.28,0.28,4.3,0.026,22,105,0.989,2.98,0.64,13.1,8,6.81905217076329
"3425",6.4,0.32,0.27,4.9,0.034,18,122,0.9916,3.36,0.71,12.5,6,6.63670503527429
"3428",5.8,0.24,0.26,10.05,0.039,63,162,0.99375,3.33,0.5,11.2,6,6.60578605225626
"3434",6.2,0.255,0.27,1.3,0.037,30,86,0.98834,3.05,0.59,12.9,7,6.6972916822106
"3441",6.8,0.17,0.32,1.4,0.04,35,106,0.99026,3.16,0.66,12,5,6.6555751822526
"3442",7.1,0.25,0.28,1.2,0.04,31,111,0.99174,3.18,0.53,11.1,5,6.03962481826313
"3444",6,0.16,0.22,1.6,0.042,36,106,0.9905,3.24,0.32,11.4,6,6.28206006390282
"3445",6.7,0.3,0.44,18.75,0.057,65,224,0.99956,3.11,0.53,9.1,5,5.79015994647658
"3446",6.6,0.15,0.32,6,0.033,59,128,0.99192,3.19,0.71,12.1,8,7.00703054528478
"3452",6.6,0.21,0.29,5.35,0.029,43,106,0.99112,2.93,0.43,11.5,7,6.38016629827356
"3457",6,0.39,0.13,1.2,0.042,60,172,0.99114,3.06,0.52,10.6,5,5.65186711280756
"3458",6.1,0.105,0.31,1.3,0.037,55,145,0.9912,3.41,0.41,11.1,7,6.5534529027876
"3461",6.8,0.19,0.4,9.85,0.055,41,103,0.99532,2.98,0.56,10.5,6,5.94748281383079
"3464",6.2,0.3,0.31,1.6,0.035,40,106,0.98914,3.26,0.39,12.9,7,6.61271557110359
"3468",6.6,0.24,0.27,10.3,0.047,54,219,0.99742,3.04,0.45,8.8,5,5.35284583900364
"3469",6.6,0.16,0.36,1.1,0.031,27,93,0.98884,3.23,0.34,13.2,8,6.89430331723091
"3472",6.8,0.19,0.4,9.85,0.055,41,103,0.99532,2.98,0.56,10.5,6,5.94748281383079
"3485",6.2,0.37,0.24,6.1,0.032,19,86,0.98934,3.04,0.26,13.4,8,6.53228038645607
"3495",6.7,0.24,0.36,8.4,0.042,42,123,0.99473,3.34,0.52,10.9,6,6.26894460957876
"3497",6,0.24,0.28,3.95,0.038,61,134,0.99146,3.3,0.54,11.3,7,6.4967346717997
"3500",6.1,0.33,0.3,3,0.036,30,124,0.98922,3.31,0.4,13.1,7,6.69344783475049
"3507",7.5,0.33,0.28,4.9,0.042,21,155,0.99385,3.36,0.57,10.9,6,6.0314950890123
"3508",7.1,0.36,0.28,2.4,0.036,35,115,0.98936,3.19,0.44,13.5,7,6.69451542741329
"3513",6.3,0.21,0.31,1.2,0.043,30,117,0.99158,3.49,0.68,11,6,6.40365171767123
"3516",6.8,0.19,0.33,1.3,0.031,22,87,0.98987,3.08,0.62,12.3,7,6.59347461562586
"3518",6.6,0.29,0.29,1.8,0.036,38,102,0.98819,3.08,0.42,13.7,7,6.83047788356313
"3522",5.9,0.23,0.24,3.8,0.038,61,152,0.99139,3.31,0.5,11.3,7,6.49002122923702
"3526",5.3,0.36,0.27,6.3,0.028,40,132,0.99186,3.37,0.4,11.6,6,6.26143821905073
"3528",7.6,0.23,0.29,8.6,0.053,65,146,0.9963,3.11,0.32,9.8,6,5.69316185137062
"3530",7.1,0.35,0.27,3.1,0.034,28,134,0.9897,3.26,0.38,13.1,7,6.67159491911823
"3535",7.2,0.31,0.35,7.2,0.046,45,178,0.9955,3.14,0.53,9.7,5,5.60555802744036
"3536",6.4,0.28,0.44,7.1,0.048,49,179,0.99528,3.15,0.48,9.2,5,5.4789296150437
"3539",6.5,0.28,0.25,4.8,0.029,54,128,0.99074,3.17,0.44,12.2,7,6.64669933335493
"3541",7.8,0.28,0.25,3.4,0.024,27,99,0.98959,2.98,0.37,13,6,6.70321728445227
"3542",8.1,0.26,0.27,4.3,0.03,43,123,0.99212,3.16,0.33,11.2,6,6.34878377176734
"3545",6,0.33,0.2,1.8,0.031,49,159,0.9919,3.41,0.53,11,6,6.09250548041424
"3546",7.3,0.2,0.29,19.5,0.039,69,237,1.00037,3.1,0.48,9.2,6,6.08908595163842
"3550",6,0.33,0.2,1.8,0.031,49,159,0.9919,3.41,0.53,11,6,6.09250548041424
"3551",7.2,0.14,0.32,1.1,0.022,48,116,0.99218,3.04,0.67,10,6,6.14862477602748
"3553",5.7,0.22,0.22,16.65,0.044,39,110,0.99855,3.24,0.48,9,6,5.79453391096949
"3558",8.1,0.2,0.28,0.9,0.023,49,87,0.99062,2.92,0.36,11.1,6,6.2500475511744
"3571",6.9,0.26,0.27,4.2,0.031,20,80,0.99089,3.12,0.39,11.5,6,6.30596715324507
"3574",7.8,0.31,0.4,1.6,0.027,20,87,0.9911,3.15,0.48,11.9,6,6.23121333085407
"3577",7.4,0.28,0.36,14.6,0.048,35,161,0.9968,3.14,0.56,10.6,5,6.22554813928738
"3585",7.4,0.25,0.28,7.25,0.028,14,78,0.99238,2.94,0.37,11.5,7,6.20374289235514
"3586",7,0.24,0.35,1,0.032,42,104,0.98988,3.16,0.37,11.7,7,6.40137792361032
"3596",7.2,0.16,0.29,1,0.031,40,123,0.98958,3.12,0.4,12.1,7,6.69025006154282
"3597",6.6,0.17,0.28,1.1,0.034,55,108,0.98939,3,0.52,11.9,7,6.60690057820405
"3601",6.8,0.12,0.3,12.9,0.049,32,88,0.99654,3.2,0.35,9.9,6,6.11829611825543
"3602",6.6,0.295,0.24,1.6,0.039,29,140,0.99304,3.35,0.61,10.4,7,5.80301988580636
"3603",6.6,0.26,0.24,7.2,0.038,28,137,0.9952,3.35,0.6,10.4,6,5.98187486711923
"3605",7.4,0.36,0.23,1.9,0.017,31,69,0.9892,2.93,0.36,12.5,6,6.3329370763563
"3615",6.4,0.38,0.24,7.2,0.047,41,151,0.99604,3.11,0.6,9.2,5,5.16856931329836
"3623",7.2,0.24,0.3,1.2,0.037,11,95,0.98914,2.96,0.36,12.5,6,6.33467550540642
"3631",6.6,0.3,0.25,8,0.036,21,124,0.99362,3.06,0.38,10.8,6,5.85592184707286
"3659",5.8,0.275,0.3,5.4,0.043,41,149,0.9926,3.33,0.42,10.8,7,6.08470785666298
"3661",5.8,0.32,0.28,4.3,0.032,46,115,0.98946,3.16,0.57,13,8,6.78778074899721
"3675",6.6,0.34,0.2,1,0.053,26,112,0.99336,3.32,0.55,9.1,5,5.25653031697213
"3683",6.4,0.16,0.44,1.2,0.051,39,122,0.99058,3.11,0.75,11.3,7,6.41227117096517
"3689",7.1,0.21,0.35,2.5,0.04,41,186,0.99128,3.32,0.56,12.5,6,6.7434802089809
"3690",7,0.22,0.26,9.2,0.027,37,122,0.99228,3.06,0.34,12.5,8,6.75940644732071
"3692",7.4,0.22,0.26,8.8,0.027,23,112,0.9931,2.98,0.41,11.4,6,6.3828990896779
"3704",7.5,0.24,0.31,13.1,0.05,26,180,0.99884,3.05,0.53,9.1,6,5.44399136945519
"3707",6.6,0.15,0.34,1,0.037,45,79,0.98949,2.96,0.5,11.7,6,6.46563852975171
"3708",6.7,0.34,0.43,1.6,0.041,29,114,0.99014,3.23,0.44,12.6,6,6.30650450852222
"3717",6.8,0.22,0.26,1.2,0.041,29,182,0.99104,3.04,0.35,11.2,5,5.93971312879839
"3732",7,0.34,0.26,10.3,0.041,51,166,0.99382,3.08,0.35,11.6,6,6.24531605289985
"3733",7.5,0.28,0.41,1.3,0.044,11,126,0.99293,3.28,0.45,10.3,5,5.6497079374842
"3734",6.5,0.19,0.34,1.6,0.029,39,116,0.98954,3.21,0.68,12.5,6,6.92744136563232
"3744",7,0.15,0.28,14.7,0.051,29,149,0.99792,2.96,0.39,9,7,5.66090700353162
"3746",7,0.15,0.28,14.7,0.051,29,149,0.99792,2.96,0.39,9,7,5.66090700353162
"3750",6.3,0.28,0.29,6.8,0.051,40,143,0.99374,3.43,0.59,11,6,6.27344648354598
"3752",5.5,0.17,0.23,2.9,0.039,10,108,0.99243,3.28,0.5,10,5,5.81637767156041
"3756",7.8,0.19,0.32,7.4,0.015,47,124,0.99278,2.99,0.39,11,6,6.53770861336961
"3757",5.5,0.17,0.23,2.9,0.039,10,108,0.99243,3.28,0.5,10,5,5.81637767156041
"3760",7.8,0.19,0.32,7.4,0.015,47,124,0.99278,2.99,0.39,11,6,6.53770861336961
"3761",7.8,0.2,0.32,5,0.016,31,101,0.99186,2.99,0.39,11,6,6.38421409309496
"3773",6.3,0.24,0.29,13.7,0.035,53,134,0.99567,3.17,0.38,10.6,6,6.30209974268819
"3775",6.7,0.42,0.39,12.1,0.04,61,248,0.99794,3.31,0.58,9.7,5,5.63252666572013
"3777",6.9,0.33,0.31,7.7,0.04,29,135,0.99226,3.11,0.57,12.3,5,6.47662255238063
"3778",6.5,0.33,0.28,6.1,0.018,41,103,0.99122,3.24,0.32,12.2,6,6.54971720754137
"3781",6.7,0.42,0.39,12.1,0.04,61,248,0.99794,3.31,0.58,9.7,5,5.63252666572013
"3783",7.6,0.27,0.3,9.2,0.018,23,96,0.9938,3.08,0.29,11,6,6.21650932494406
"3787",7.4,0.29,0.48,12.8,0.037,61.5,182,0.99808,3.02,0.34,8.8,5,5.44513586704753
"3790",6.6,0.26,0.52,8.2,0.047,52,191,0.99541,3.16,0.47,9.5,6,5.68861194868531
"3792",6.5,0.26,0.5,8,0.051,46,197,0.99536,3.18,0.47,9.5,5,5.64097089510223
"3795",5.5,0.24,0.45,1.7,0.046,22,113,0.99224,3.22,0.48,10,5,5.53501268272188
"3796",6.5,0.25,0.27,17.4,0.064,29,140,0.99776,3.2,0.49,10.1,6,6.06109137937177
"3801",8.1,0.2,0.3,1.3,0.036,7,49,0.99242,2.99,0.73,10.3,5,5.91022908516104
"3815",7.4,0.34,0.28,12.1,0.049,31,149,0.99677,3.22,0.49,10.3,5,5.84875764102017
"3817",6.8,0.41,0.3,8.8,0.045,28,131,0.9953,3.12,0.59,9.9,5,5.49842228904218
"3818",6.3,0.4,0.24,5.1,0.036,43,131,0.99186,3.24,0.44,11.3,6,6.05962574569142
"3820",5.1,0.35,0.26,6.8,0.034,36,120,0.99188,3.38,0.4,11.5,6,6.23858323722276
"3827",5.1,0.35,0.26,6.8,0.034,36,120,0.99188,3.38,0.4,11.5,6,6.23858323722276
"3828",5.1,0.23,0.18,1,0.053,13,99,0.98956,3.22,0.39,11.5,5,6.01085254601183
"3840",6.2,0.31,0.23,3.3,0.052,34,113,0.99429,3.16,0.48,8.4,5,5.02610370225354
"3843",7.5,0.26,0.31,1.6,0.032,36,109,0.99044,2.97,0.43,11.9,6,6.25124582818779
"3844",7.5,0.34,0.28,4,0.028,46,100,0.98958,3.2,0.5,13.2,7,6.99500010917825
"3847",6.7,0.24,0.32,9,0.023,20,109,0.99262,3.34,0.35,12.6,6,6.82701614296871
"3848",6.4,0.32,0.23,16.2,0.055,36,176,0.9986,3.26,0.54,9.1,5,5.68261809818044
"3857",5.9,0.2,0.23,1.5,0.037,38,93,0.99021,3.36,0.49,12,6,6.58319343819651
"3858",5.4,0.17,0.27,2.7,0.049,28,104,0.99224,3.46,0.55,10.3,6,6.10056031482651
"3859",6.1,0.21,0.3,6.3,0.039,47,136,0.99068,3.27,0.31,12.7,6,6.87077784478842
"3867",8.4,0.23,0.32,1.3,0.048,59,113,0.99178,3.1,0.55,11,6,6.28599487378209
"3878",7.1,0.28,0.31,1.5,0.053,20,98,0.99069,3.15,0.5,11.4,5,6.07509145669745
"3883",7.1,0.2,0.37,1.5,0.049,28,129,0.99226,3.15,0.52,10.8,5,5.93422807700243
"3894",7,0.34,0.1,3.5,0.044,17,63,0.9937,3.01,0.39,9.2,5,5.07596010987808
"3898",7,0.24,0.3,12.3,0.035,72,172,0.9954,2.99,0.57,10.4,6,6.35346853242859
"3900",6,0.21,0.3,8.7,0.036,47,127,0.99368,3.18,0.39,10.6,5,6.20500746670414
"3909",6.2,0.39,0.24,4.8,0.037,45,138,0.99174,3.23,0.43,11.2,7,6.03353931074856
"3910",6.2,0.39,0.24,4.8,0.037,45,138,0.99174,3.23,0.43,11.2,7,6.03353931074856
"3925",8.6,0.31,0.3,0.9,0.045,16,109,0.99249,2.95,0.39,10.1,5,5.42677283162203
"3926",8.6,0.22,0.33,1.2,0.031,38,95,0.99239,2.83,0.31,10.3,5,5.66368751513819
"3933",6.9,0.22,0.28,7.8,0.05,43,116,0.99326,3.22,0.6,11.5,8,6.54633391839137
"3940",6.2,0.27,0.32,6.3,0.048,47,159,0.99282,3.21,0.6,11,6,6.23892497237554
"3944",6.4,0.2,0.15,6.6,0.046,26,113,0.99408,2.99,0.58,9.9,6,5.73092092218103
"3946",6.2,0.27,0.32,6.3,0.048,47,159,0.99282,3.21,0.6,11,6,6.23892497237554
"3951",4.9,0.345,0.34,1,0.068,32,143,0.99138,3.24,0.4,10.1,5,5.25914725247534
"3966",7.3,0.38,0.23,6.5,0.05,18,102,0.99304,3.1,0.55,11.2,4,5.90373012006596
"3970",6.4,0.17,0.3,2.8,0.034,33,125,0.99152,3.03,0.49,10.4,6,6.0426752324524
"3971",6.7,0.18,0.31,10.6,0.035,42,143,0.99572,3.08,0.49,9.8,7,6.01689282681041
"3972",6.4,0.17,0.3,2.8,0.034,33,125,0.99152,3.03,0.49,10.4,6,6.0426752324524
"3984",5.6,0.23,0.25,8,0.043,31,101,0.99429,3.19,0.42,10.4,6,5.82027201830148
"3986",6.8,0.11,0.27,8.6,0.044,45,104,0.99454,3.2,0.37,9.9,6,6.21377053149769
"3989",6.1,0.2,0.17,1.6,0.048,46,129,0.991,3.3,0.43,11.4,6,6.28813708052811
"3990",6.8,0.11,0.27,8.6,0.044,45,104,0.99454,3.2,0.37,9.9,6,6.21377053149769
"3991",7.3,0.23,0.41,14.6,0.048,73,223,0.99863,3.16,0.71,9.4,6,6.11115882687114
"3998",6,0.26,0.29,3.1,0.041,37,144,0.98944,3.22,0.39,12.8,7,6.6604486612171
"4004",6.8,0.14,0.35,1.5,0.047,40,117,0.99111,3.07,0.72,11.1,6,6.38301122935295
"4007",5.4,0.15,0.32,2.5,0.037,10,51,0.98878,3.04,0.58,12.6,6,6.64959157074877
"4008",6.4,0.25,0.57,1,0.062,21,122,0.99238,3,0.4,9.5,5,5.1324776677373
"4009",6.1,0.25,0.48,15.8,0.052,25,94,0.99782,3.07,0.45,9.2,6,5.56979283936748
"4011",7.2,0.21,0.29,3.1,0.044,39,122,0.99143,3,0.6,11.3,6,6.28421150126989
"4012",6,0.26,0.29,3.1,0.041,37,144,0.98944,3.22,0.39,12.8,7,6.6604486612171
"4014",6.5,0.46,0.24,11.5,0.051,56,171,0.99588,3.08,0.56,9.8,6,5.52977959810934
"4018",5.9,0.23,0.24,1.6,0.037,32,115,0.99076,3.21,0.51,11.4,6,6.19167291094233
"4019",6.4,0.18,0.48,18,0.054,56,183,1.00038,2.98,0.61,8.5,6,5.56459608177532
"4026",6.2,0.32,0.45,2.9,0.029,37,94,0.98998,3.25,0.6,12.4,6,6.60783889467053
"4035",6.8,0.27,0.22,17.8,0.034,16,116,0.9989,3.07,0.53,9.2,5,5.75061629224385
"4042",6.2,0.24,0.22,7.9,0.053,45,149,0.99545,3.23,0.52,9.3,5,5.65440507197004
"4045",7.4,0.16,0.27,15.5,0.05,25,135,0.9984,2.9,0.43,8.7,7,5.59791622054319
"4060",6.8,0.16,0.36,1.3,0.034,32,98,0.99058,3.02,0.58,11.3,6,6.3241445145619
"4063",7.4,0.36,0.32,1.9,0.036,27,119,0.99196,3.15,0.49,11.2,6,5.84932361602991
"4068",6.9,0.38,0.28,8.3,0.062,22,166,0.99506,3.16,0.72,10.6,5,5.70491027777952
"4069",7.1,0.44,0.27,8.4,0.057,60,160,0.99257,3.16,0.36,11.8,6,6.19204947796703
"4070",6.2,0.24,0.28,12.2,0.049,54,133,0.9952,3.19,0.37,10.7,6,6.19919379581007
"4071",6.1,0.28,0.27,8,0.048,41,162,0.99498,3.21,0.51,9.9,5,5.72065616318237
"4074",6.5,0.36,0.16,1.3,0.054,11,107,0.99398,3.19,0.39,8.5,5,4.7185547249905
"4077",7.4,0.37,0.26,9.6,0.05,33,134,0.99608,3.13,0.46,10.4,5,5.59133821196932
"4079",5.8,0.23,0.21,1.5,0.044,21,110,0.99138,3.3,0.57,11,6,6.04536444535173
"4080",5.4,0.265,0.28,7.8,0.052,27,91,0.99432,3.19,0.38,10.4,6,5.60154700986248
"4083",5.9,0.23,0.28,8.6,0.046,37,142,0.99432,3.23,0.53,10.6,6,6.08397352957365
"4086",7.4,0.26,0.29,3.7,0.048,14,73,0.9915,3.06,0.45,11.4,6,6.08148645828911
"4097",8,0.25,0.35,1.1,0.054,13,136,0.99366,3.08,0.55,9.5,5,5.36025844192394
"4101",6.3,0.29,0.23,14.2,0.037,24,99,0.99528,3.08,0.38,10.6,6,6.0869508526643
"4102",6.9,0.37,0.23,9.5,0.057,54,166,0.99568,3.23,0.42,10,5,5.66299539632791
"4104",5.7,0.31,0.28,4.1,0.03,22,86,0.99062,3.31,0.38,11.7,7,6.28568559512362
"4114",6.1,0.17,0.29,1.1,0.041,32,92,0.99036,3.26,0.57,11.2,6,6.403163418484
"4126",6.3,0.17,0.23,5.7,0.048,44,147,0.99382,3.08,0.54,10,5,5.89020509566021
"4127",6.3,0.18,0.22,5.6,0.047,45,147,0.99383,3.09,0.54,10,5,5.87913435476544
"4129",6.6,0.33,0.32,15.6,0.054,62,227,0.99734,3.25,0.56,10.4,5,6.18822846047347
"4133",7.4,0.31,0.26,8.6,0.048,47,206,0.9964,3.26,0.36,9.1,5,5.52702762924505
"4154",6.1,0.3,0.47,1.4,0.049,50,187,0.9927,3.19,0.45,9.5,5,5.40508086657074
"4162",7.4,0.16,0.3,13.7,0.056,33,168,0.99825,2.9,0.44,8.7,7,5.48151338720554
"4164",7.2,0.26,0.38,1.5,0.061,12,120,0.99192,3.18,0.46,10.4,5,5.69167425087195
"4166",6.6,0.22,0.35,1.4,0.05,23,83,0.99019,3.17,0.48,12,7,6.31114394206248
"4173",6.8,0.34,0.27,5.2,0.06,14,169,0.99252,3.27,0.57,11.6,6,6.0725421978446
"4178",6.4,0.25,0.33,1.7,0.037,35,113,0.99164,3.23,0.66,10.6,6,6.09523373432176
"4183",7.5,0.38,0.56,9.7,0.055,15,170,0.99605,3.13,0.65,9.9,6,5.5519836414489
"4189",5.3,0.33,0.3,1.2,0.048,25,119,0.99045,3.32,0.62,11.3,6,6.0056753736157
"4191",7,0.22,0.3,1.4,0.04,14,63,0.98985,3.2,0.33,12,6,6.36568528001445
"4192",7.8,0.27,0.35,1.2,0.05,36,140,0.99138,3.09,0.45,11.2,5,6.02116370329784
"4198",6.3,0.3,0.48,7.4,0.053,34,149,0.99472,3.18,0.53,9.8,5,5.6020813877529
"4201",8,0.24,0.33,1.2,0.044,28,101,0.99035,3.03,0.43,12.5,6,6.39533485108261
"4209",5.6,0.23,0.29,3.1,0.023,19,89,0.99068,3.25,0.51,11.2,6,6.30827218936064
"4212",7.1,0.38,0.42,11.8,0.041,32,193,0.99624,3.04,0.49,10,6,5.61964701277834
"4213",6.6,0.31,0.37,6.2,0.052,13,164,0.99602,3.24,0.39,8.8,4,5.02205139894861
"4218",6.1,0.38,0.14,3.9,0.06,27,113,0.99344,3.07,0.34,9.2,4,4.94522477851963
"4229",6.2,0.29,0.23,12.4,0.048,33,201,0.99612,3.11,0.56,9.9,6,5.82587457237091
"4230",6.3,0.26,0.25,5.2,0.046,11,133,0.99202,2.97,0.68,11,6,5.98654523514915
"4232",7.5,0.35,0.37,2.5,0.066,29,89,0.98964,3.14,0.42,12.7,6,6.37135098976564
"4233",6.6,0.39,0.28,9.2,0.036,10,92,0.99206,3.07,0.35,12.1,6,6.18738195885989
"4238",7.5,0.23,0.3,1.2,0.03,27,80,0.99192,3.05,0.68,10.5,5,6.02003563941116
"4239",6.4,0.29,0.18,15,0.04,21,116,0.99736,3.14,0.5,9.2,5,5.71900968366424
"4245",7.6,0.36,0.48,13.5,0.038,44,116,0.9982,3.04,0.48,9.2,5,5.45214791613602
"4246",7.6,0.35,0.47,13.3,0.037,42,116,0.99822,3.04,0.5,9.2,5,5.46067772662896
"4249",5.9,0.14,0.2,1.6,0.04,26,114,0.99105,3.25,0.45,11.4,6,6.27562973571994
"4258",5.8,0.32,0.23,1.5,0.033,39,121,0.9887,2.96,0.35,12,5,6.14536413866652
"4268",6,0.29,0.27,2.3,0.044,20,117,0.9895,3.31,0.41,12.7,7,6.50877734895742
"4269",5.7,0.22,0.29,3.5,0.04,27,146,0.98999,3.17,0.36,12.1,6,6.42043531750766
"4281",5.7,0.22,0.2,16,0.044,41,113,0.99862,3.22,0.46,8.9,6,5.68496485740761
"4282",5.7,0.26,0.24,17.8,0.059,23,124,0.99773,3.3,0.5,10.1,5,6.0605338189194
"4288",7.6,0.28,0.17,1.6,0.046,28,117,0.99288,3.08,0.43,10,5,5.52578344319215
"4304",6.9,0.26,0.29,4.2,0.043,33,114,0.9902,3.16,0.31,12.5,6,6.56628197412841
"4311",5.6,0.225,0.24,9.8,0.054,59,140,0.99545,3.17,0.39,10.2,6,5.79567918086178
"4314",6.4,0.27,0.3,1.6,0.04,19,86,0.99089,3.32,0.65,11.5,6,6.30250936210938
"4322",6.3,0.28,0.22,11.5,0.036,27,150,0.99445,3,0.33,10.6,6,5.93138829313154
"4329",6.4,0.42,0.19,9.3,0.043,28,145,0.99433,3.23,0.53,10.98,5,5.88192597120095
"4333",7.3,0.19,0.27,13.9,0.057,45,155,0.99807,2.94,0.41,8.8,8,5.53683215447473
"4334",7.3,0.19,0.27,13.9,0.057,45,155,0.99807,2.94,0.41,8.8,8,5.53683215447473
"4335",7.3,0.19,0.27,13.9,0.057,45,155,0.99807,2.94,0.41,8.8,8,5.53683215447473
"4336",7.3,0.19,0.27,13.9,0.057,45,155,0.99807,2.94,0.41,8.8,8,5.53683215447473
"4337",7.3,0.19,0.27,13.9,0.057,45,155,0.99807,2.94,0.41,8.8,8,5.53683215447473
"4342",7.4,0.27,0.52,15.7,0.054,36,139,0.99788,3.04,0.62,10.0333333333333,6,5.96891130572466
"4346",7.1,0.2,0.35,3.2,0.034,21,107,0.99195,3.11,0.54,11.1,6,6.20085790749907
"4357",6.2,0.29,0.29,5.6,0.046,35,178,0.99313,3.25,0.51,10.5333333333333,5,5.95234217890065
"4363",6.2,0.24,0.27,2.9,0.039,30,123,0.98959,3.12,0.37,12.8,6,6.54584235969779
"4365",6.4,0.29,0.21,9.65,0.041,36,119,0.99334,2.99,0.34,10.9333333333333,6,6.01257181533549
"4366",6.3,0.19,0.33,10.1,0.063,63,133,0.99561,2.86,0.41,9.1,5,5.48908313756538
"4368",7.1,0.31,0.25,11.2,0.048,32,136,0.99663,3.14,0.4,9.5,5,5.55643450963615
"4373",7.1,0.23,0.23,3.5,0.038,23,112,0.99157,3.05,0.37,11.3666666666667,6,6.0964199468302
"4375",6.4,0.35,0.21,2.1,0.051,46,171,0.9932,3.16,0.5,9.5,5,5.31469234741662
"4377",6.1,0.34,0.21,5,0.042,17,133,0.99373,3.02,0.53,9.4,5,5.22935787588205
"4382",6.4,0.3,0.27,5,0.058,27,151,0.99198,3.22,0.49,12.2,6,6.21211648706269
"4387",6,0.27,0.31,5,0.043,54,170,0.9924,3.28,0.52,11,6,6.23799865164577
"4391",6.2,0.25,0.44,15.8,0.057,39,167,0.99804,3.14,0.51,9.2,5,5.71851712463984
"4395",6.3,0.2,0.26,12.7,0.046,60,143,0.99526,3.26,0.35,10.8,6,6.44371411750906
"4397",7.4,0.27,0.26,11.8,0.053,55,173,0.99699,3.11,0.6,9.8,5,5.91257636788652
"4400",6.6,0.24,0.22,12.3,0.051,35,146,0.99676,3.1,0.67,9.4,5,5.83500649838724
"4407",6.3,0.29,0.29,3.3,0.037,32,140,0.9895,3.17,0.36,12.8,7,6.58013742823348
"4415",7.1,0.27,0.27,10.4,0.041,26,114,0.99335,3.04,0.52,11.5,7,6.43442593462964
"4422",6.6,0.22,0.23,17.3,0.047,37,118,0.99906,3.08,0.46,8.8,6,5.67729238273552
"4425",6.6,0.22,0.23,17.3,0.047,37,118,0.99906,3.08,0.46,8.8,6,5.67729238273552
"4427",6.2,0.21,0.52,6.5,0.047,28,123,0.99418,3.22,0.49,9.9,6,5.79974821377506
"4428",6.3,0.32,0.26,12.3,0.044,24,205,0.99611,3.11,0.58,9.9,5,5.76736989968935
"4440",7.2,0.47,0.16,5.9,0.048,14,125,0.99428,3.09,0.49,9.8,5,5.1792067746961
"4449",7.3,0.3,0.25,2.5,0.045,32,122,0.99329,3.18,0.54,10.3,5,5.68453909135797
"4459",6.6,0.35,0.26,2.7,0.045,19,129,0.98952,3.24,0.48,13,7,6.53304435002339
"4461",6.6,0.18,0.26,17.3,0.051,17,149,0.9984,3,0.43,9.4,6,5.76261879511282
"4463",7.1,0.42,0.2,2.8,0.038,28,109,0.98968,3.23,0.47,13.4,6,6.56249630642108
"4464",6.7,0.32,0.32,1.7,0.031,31,114,0.98946,3.12,0.35,12.5,6,6.35868209292269
"4467",6.2,0.32,0.24,4.1,0.051,34,149,0.99306,3.36,0.52,11,5,5.91575328619062
"4469",6.2,0.21,0.24,1.2,0.051,31,95,0.99036,3.24,0.57,11.3,6,6.29406059550434
"4470",6.4,0.23,0.27,2.1,0.042,35,100,0.99094,3.03,0.63,10.9,6,6.09979601961373
"4472",6.2,0.2,0.28,1.1,0.039,24,78,0.9899,3.36,0.47,12.1,6,6.57068158137351
"4473",7,0.28,0.28,1.4,0.039,12,83,0.99173,3.18,0.65,11.1,5,5.98161918538365
"4477",6,0.2,0.38,1.3,0.034,37,104,0.98865,3.11,0.52,12.7,6,6.74404244534577
"4484",5.8,0.28,0.18,1.2,0.058,7,108,0.99288,3.23,0.58,9.55,4,5.2463382522932
"4490",6.7,0.48,0.49,2.9,0.03,28,122,0.98926,3.13,0.4,13,6,6.2869086829658
"4495",7.5,0.24,0.29,1.1,0.046,34,84,0.9902,3.04,0.39,11.45,6,6.1835884940892
"4497",7.5,0.24,0.29,1.1,0.046,34,84,0.9902,3.04,0.39,11.45,6,6.1835884940892
"4511",6.8,0.33,0.3,2.1,0.047,35,147,0.9886,3.24,0.56,13.4,6,6.89470818228576
"4513",6.1,0.27,0.32,1.1,0.034,24,110,0.9898,3.36,0.4,12.5,6,6.47339382219679
"4514",6.8,0.4,0.29,2.8,0.044,27,97,0.9904,3.12,0.42,11.2,6,5.92443011848486
"4524",6.7,0.18,0.25,14.3,0.048,79,149,0.9975,3.12,0.37,9.7,5,6.07640372415111
"4525",6.6,0.16,0.25,9.8,0.049,59.5,137,0.995,3.16,0.38,10,6,6.14186644326431
"4526",5.8,0.13,0.22,12.7,0.058,24,183,0.9956,3.32,0.42,11.7,6,6.47639912980148
"4528",6.8,0.17,0.17,5.1,0.049,26,82,0.993,3,0.38,9.8,6,5.743195544511
"4529",6.4,0.37,0.19,3.5,0.068,18,101,0.9934,3.03,0.38,9,6,4.85689808962201
"4530",7.3,0.26,0.53,12.7,0.047,60.5,164.5,0.9984,3.06,0.45,9.1,6,5.51921160898828
"4536",7.3,0.26,0.53,12.7,0.047,60.5,156,0.9984,3.06,0.45,9.1,6,5.51664497144414
"4547",6.5,0.2,0.31,2.1,0.033,32,95,0.989435,2.96,0.61,12,6,6.55065667611795
"4551",6.8,0.23,0.33,1.9,0.047,20,101,0.9914,3.1,0.46,11.1,6,5.94259210863054
"4555",6,0.23,0.34,1.3,0.025,23,111,0.98961,3.36,0.37,12.7,6,6.63613324402642
"4557",6.1,0.2,0.4,1.9,0.028,32,138,0.9914,3.26,0.72,11.7,5,6.47181740923687
"4564",5.6,0.26,0.27,10.6,0.03,27,119,0.9947,3.4,0.34,10.7,7,6.16756469087185
"4565",7,0.23,0.35,1.4,0.036,31,113,0.9912,3.16,0.48,10.8,7,6.09955744503871
"4569",6.4,0.3,0.27,4.4,0.055,17,135,0.9925,3.23,0.44,12.2,6,6.00156167559381
"4570",6.2,0.2,0.32,2.8,0.05,17,126,0.9936,3.18,0.55,9.4,6,5.46899268733061
"4574",6.8,0.32,0.23,3.3,0.026,31,99,0.9896,3.1,0.4,12.4,6,6.52210465564761
"4575",6.2,0.2,0.26,9.7,0.03,39,102,0.9908,3.08,0.56,12.9,7,7.21310277657085
"4580",6,0.2,0.26,14.7,0.045,53,125,0.998365,2.99,0.69,9.4,6,5.75160315975681
"4581",5.7,0.2,0.24,13.8,0.047,44,112,0.99837,2.97,0.66,8.8,6,5.44356455301019
"4584",6.4,0.23,0.37,7.9,0.05,60,150,0.99488,2.86,0.49,9.3,6,5.4942950766565
"4586",5,0.33,0.23,11.8,0.03,23,158,0.99322,3.41,0.64,11.8,6,6.69184858210081
"4590",5.4,0.29,0.38,1.2,0.029,31,132,0.98895,3.28,0.36,12.4,6,6.42743162461894
"4596",7.1,0.39,0.3,9.9,0.037,29,124,0.99414,3.07,0.42,10.9,6,5.91286007331023
"4600",6.5,0.16,0.33,1,0.027,23,75,0.9908,3.3,0.39,11.4,7,6.35642850078693
"4601",8.3,0.22,0.34,1.1,0.043,20,116,0.9927,3,0.47,10.2,6,5.68557822195878
"4603",6.4,0.17,0.34,13.4,0.044,45,139,0.99752,3.06,0.43,9.1,6,5.72153191615831
"4611",5.9,0.44,0.36,2.5,0.03,12,73,0.99201,3.22,0.48,10.8,6,5.45613177121883
"4613",5.8,0.34,0.21,7.2,0.041,48,146,0.99441,3.16,0.49,9.8,5,5.57273795072893
"4614",5.8,0.27,0.2,7.3,0.04,42,145,0.99442,3.15,0.48,9.8,5,5.68082411712391
"4616",6.1,0.44,0.28,4.25,0.032,43,132,0.9916,3.26,0.47,11.2666666666667,7,5.9722818405437
"4617",7.3,0.28,0.37,1.2,0.039,26,99,0.99198,3.01,0.62,10.8,5,5.79267933974073
"4624",6.6,0.4,0.3,5.3,0.038,20,125,0.99204,3.36,0.73,12.6,6,6.48122509795775
"4632",6.6,0.21,0.39,2.3,0.041,31,102,0.99221,3.22,0.58,10.9,7,6.08790426216655
"4634",6.2,0.28,0.41,5,0.043,50,188,0.99318,3.23,0.64,10.8,6,6.09337862955478
"4653",6.1,0.38,0.47,1.4,0.051,59,210,0.99309,3.24,0.5,9.6,5,5.31030611297225
"4654",6.3,0.36,0.28,2.5,0.035,18,73,0.98868,3.1,0.47,12.8,7,6.45491349489499
"4657",6,0.29,0.41,10.8,0.048,55,149,0.9937,3.09,0.59,10.9666666666667,7,6.31564956989754
"4658",6,0.29,0.41,10.8,0.048,55,149,0.9937,3.09,0.59,11,7,6.32037528739757
"4665",6.1,0.16,0.34,6.1,0.034,31,114,0.99365,3.32,0.58,10.1333333333333,7,6.22491135506094
"4666",7.3,0.17,0.36,8.2,0.028,44,111,0.99272,3.14,0.41,12.4,6,6.86275025589018
"4668",6.1,0.16,0.34,6.1,0.034,31,114,0.99365,3.32,0.58,10.15,7,6.22727421381097
"4669",6,0.17,0.33,6,0.036,30,111,0.99362,3.32,0.58,10.15,7,6.17391536297586
"4670",5.9,0.44,0.33,1.2,0.049,12,117,0.99134,3.46,0.44,11.5,5,5.69173793579792
"4682",5.6,0.27,0.37,0.9,0.025,11,49,0.98845,3.29,0.33,13.1,6,6.55716380613904
"4688",6.7,0.16,0.32,12.5,0.035,18,156,0.99666,2.88,0.36,9,6,5.55262709896881
"4690",6.7,0.16,0.32,12.5,0.035,18,156,0.99666,2.88,0.36,9,6,5.55262709896881
"4709",7.2,0.33,0.28,1.4,0.034,26,109,0.99246,3.28,0.57,10.6,6,5.84469158636165
"4711",5.4,0.33,0.31,4,0.03,27,108,0.99031,3.3,0.43,12.2,7,6.37036680022966
"4713",5.7,0.27,0.16,9,0.053,32,111,0.99474,3.36,0.37,10.4,6,5.8632200696
"4715",6.1,0.22,0.4,1.85,0.031,25,111,0.98966,3.03,0.3,11.8,7,6.18530914770859
"4721",6.6,0.27,0.32,1.3,0.044,18,93,0.99044,3.11,0.56,12.25,5,6.2009730349255
"4735",5.5,0.16,0.31,1.2,0.026,31,68,0.9898,3.33,0.44,11.6333333333333,6,6.54141821594024
"4740",5.5,0.16,0.31,1.2,0.026,31,68,0.9898,3.33,0.44,11.65,6,6.54378107469027
"4741",6,0.32,0.46,1.5,0.05,56,189,0.99308,3.24,0.49,9.6,5,5.40385824817596
"4743",6,0.27,0.32,3.6,0.035,36,133,0.99215,3.23,0.46,10.8,6,5.98279529291642
"4747",6.3,0.23,0.5,10.4,0.043,61,132,0.99542,2.86,0.46,9.1,6,5.58407673235445
"4755",6.4,0.19,0.35,10.2,0.043,40,106,0.99632,3.16,0.5,9.7,6,5.81409608088726
"4758",6,0.38,0.26,3.5,0.035,38,111,0.98872,3.18,0.47,13.6,7,6.74700476748803
"4761",6.6,0.17,0.26,7.4,0.052,45,128,0.99388,3.16,0.37,10,6,6.0186557456746
"4770",6.8,0.27,0.3,13,0.047,69,160,0.99705,3.16,0.5,9.6,6,5.95413185658031
"4772",6.8,0.27,0.3,13,0.047,69,160,0.99705,3.16,0.5,9.6,6,5.95413185658031
"4782",5.6,0.3,0.1,6.4,0.043,34,142,0.99382,3.14,0.48,9.8,5,5.56387242527688
"4784",6.7,0.3,0.5,12.1,0.045,38,127,0.9974,3.04,0.53,8.9,6,5.38488063713496
"4796",6.4,0.105,0.29,1.1,0.035,44,140,0.99142,3.17,0.55,10.7,7,6.30618502950307
"4800",6.2,0.26,0.2,8,0.047,35,111,0.99445,3.11,0.42,10.4,6,5.74950130435347
"4804",6.4,0.31,0.5,5.8,0.038,42,111,0.99189,3.18,0.53,11.9,7,6.36450800322589
"4808",6,0.17,0.3,7.3,0.039,39,104,0.99252,2.91,0.57,11,6,6.22863289699713
"4815",5.7,0.4,0.35,5.1,0.026,17,113,0.99052,3.18,0.67,12.4,6,6.39270338919312
"4817",6.1,0.41,0.2,12.6,0.032,54,136,0.99516,2.91,0.43,10.6,6,5.72976694075589
"4832",5.8,0.38,0.26,1.1,0.058,20,140,0.99271,3.27,0.43,9.7,6,5.08713667495878
"4836",5.6,0.295,0.26,1.1,0.035,40,102,0.99154,3.47,0.56,10.6,6,6.04554903772032
"4839",5.3,0.275,0.24,7.4,0.038,28,114,0.99313,3.38,0.51,11,6,6.19475539856863
"4843",6.2,0.28,0.57,1,0.043,50,92,0.99004,3.17,0.36,11.5,6,6.10736122054431
"4865",6,0.41,0.23,1.1,0.066,22,148,0.99266,3.3,0.47,9.63333333333333,5,5.09050969377783
"4873",6,0.42,0.41,12.4,0.032,50,179,0.99622,3.14,0.6,9.7,5,5.68218804948127
"4880",6.6,0.34,0.4,8.1,0.046,68,170,0.99494,3.15,0.5,9.53333333333333,6,5.70001928172613
